PDB,Chain,Sequence ength,Sequence,chain_input,anarci_status,chain_assigned,species,v_gene,v_gene_species,v_gene_score,j_gene,j_gene_species,j_gene_score,imgt_alignment,fr1,cdr1,fr2,cdr2,fr3,cdr3,fr4
3GBN,A,493,ADPGDTICIGYHANNSTDTVDTVLEKNVTVTHSVNLLEDSHNGKLCKLGIAPLQLGKCNIAGWLLGNPECDLLLTASWSYIVETSNSENTCYPGDFIDYEELREQLSSVSSFEKFEIFPSWPNHETTGVTAACSYAGASSFYRNLLWLTKKGSSYPKLSKSYVNNKGKEVLVLWGVHHPPTGTDQQSLYQNADAYVSVGSSKYNRRFTPEIAARPKVRDQAGRMNYYWTLLEPGDTITFEATGNLIAPWYAFALNRGSSGIITSDAPVHDCNTKCQTPHGAINSSLPFQNIHPVTIGECPKYVRSTKLRMATGLRNIPSIGLFGAIAGFIEGGWTGMIDGWYGYHHQNEQGSGYAADQKSTQNAIDGITNKVNSVIEKMNTQFTAVGKEFNNLERRIENLNKKVDDGFLDIWTYNAELLVLLENERTLDFHDSNVRNLYEKVKSQLKNNAKEIGNGCFEFYHKCDDACMESVRNGTYDYPKYSEESKLNREEI,A,no_hit,,,,,,,,,,,,,,,,
3LZF,A,488,DTICIGYHANNSTDTVDTVLEKNVTVTHSVNLLEDSHNGKLCKLGIAPLQLGKCNIAGWLLGNPECDLLLTASWSYIVETSNSENTCYPGDFIDYEELREQLSSVSSFEKFEIFPSWPNHETTGVTAACSYAGASSFYRNLLWLTKKGSSYPKLSKSYVNNKGKEVLVLWGVHHPPTGTDQQSLYQNADAYVSVGSSKYNRRFTPEIAARPKVRDQAGRMNYYWTLLEPGDTITFEATGNLIAPWYAFALNRGSSGIITSDAPVHDCNTKCQTPHGAINSSLPFQNIHPVTIGECPKYVRSTKLRMATGLRNIPSGLFGAIAGFIEGGWTGMIDGWYGYHHQNEQGSGYAADQKSTQNAIDGITNKVNSVIEKMNTQFTAVGKEFNNLERRIENLNKKVDDGFLDIWTYNAELLVLLENERTLDFHDSNVRNLYEKVKSQLKNNAKEIGNGCFEFYHKCDDACMESVRNGTYDYPKYSEESKLNREEI,A,no_hit,,,,,,,,,,,,,,,,
3ZTN,A,500,DTLCIGYHANNSTDTVDTVLEKNVTVTHSVNLLEDKHNGKLCKLRGVAPLHLGKCNIAGWILGNPECESLSTASSWSYIVETPSSDNGTCYPGDFIDYEELREQLSSVSSFERFEIFPKTSSWPNHDSNKGVTAACPHAGAKSFYKNLIWLVKKGNSYPKLSKSYINDKGKEVLVLWGIHHPSTSADQQSLYQNADTYVFVGSSRYSKKFKPEIAIRPKVRDQEGRMNYYWTLVEPGDKITFEATGNLVVPRYAFAMERNAGSGIIISDTPVHDCNTTCQTPKGAINTSLPFQNIHPITIGKCPKYVKSTKLRLATGLRNIPSIQSRGLFGAIAGFIEGGWTGMVDGWYGYHHQNEQGSGYAADLKSTQNAIDEITNKVNSVIEKMNTQFTAVGKEFNHLEKRIENLNKKVDDGFLDIWTYNAELLVLLENERTLDYHDSNVKNLYEKVRSQLKNNAKEIGNGCFEFYHKCDNTCMESVKNGTYDYPKYSEEAKLNREEI,A,no_hit,,,,,,,,,,,,,,,,
4GXU,A,488,PGDTICIGYHANNSTDTVDTVLEKNVTVTHSVNLLEDSHNGKLCKLGIAPLQLGKCNIAGWLLGNPECDLLLTASWSYIVETSNSENTCYPGDFIDYEELREQLSSVSSFEKFEIFPSWPNHETTGVTAACSYAGASSFYRNLLWLTKKGSSYPKLSKSYVNNKGKEVLVLWGVHHPPTGTDQQSLYQNADAYVSVGSSKYNRRFTPEIAARPKVRDQAGRMNYYWTLLEPGDTITFEATGNLIAPWYAFALNRGSSGIITSDAPVHDCNTKCQTPHGAINSSLPFQNIHPVTIGECPKYVRSTKLRMATGLRNIPSGLFGAIAGFIEGGWTGMIDGWYGYHHQNEQGSGYAADQKSTQNAIDGITNKVNSVIEKMNTQFTAVGKEFNNLERRIENLNKKVDDGFLDIWTYNAELLVLLENERTLDFHDSNVRNLYEKVKSQLKNNAKEIGNGCFEFYHKCDDACMESVRNGTYDYPKYSEESKLNRE,A,no_hit,,,,,,,,,,,,,,,,
4GXU,A,488,PGDTICIGYHANNSTDTVDTVLEKNVTVTHSVNLLEDSHNGKLCKLGIAPLQLGKCNIAGWLLGNPECDLLLTASWSYIVETSNSENTCYPGDFIDYEELREQLSSVSSFEKFEIFPSWPNHETTGVTAACSYAGASSFYRNLLWLTKKGSSYPKLSKSYVNNKGKEVLVLWGVHHPPTGTDQQSLYQNADAYVSVGSSKYNRRFTPEIAARPKVRDQAGRMNYYWTLLEPGDTITFEATGNLIAPWYAFALNRGSSGIITSDAPVHDCNTKCQTPHGAINSSLPFQNIHPVTIGECPKYVRSTKLRMATGLRNIPSGLFGAIAGFIEGGWTGMIDGWYGYHHQNEQGSGYAADQKSTQNAIDGITNKVNSVIEKMNTQFTAVGKEFNNLERRIENLNKKVDDGFLDIWTYNAELLVLLENERTLDFHDSNVRNLYEKVKSQLKNNAKEIGNGCFEFYHKCDDACMESVRNGTYDYPKYSEESKLNRE,A,no_hit,,,,,,,,,,,,,,,,
4HKX,A,226,QVQLVQSGAEVRKPGASVKVSCKASGYTFTDNYIHWVRQAPGQGLEWMGWIHPNSGATKYAQKFEGWVTMTRDTSISTVYMELSRSRSDDTAVYYCARAGLEPRSVDYYFYGLDVWGQGTAVTVSSASTKGPSVFPLAPSSKSTSGGTAALGCLVKDYFPEPVTVSWNSGALTSGVHTFPAVLQSSGLYSLSSVVTVPSSSLGTQTYICNVNHKPSNTKVDKRVEP,A,ok,H,human,IGHV1-2*04,human,0.8979591836734694,IGHJ6*01,human,0.8571428571428571,QVQLVQSGA-EVRKPGASVKVSCKASGYTF----TDNYIHWVRQAPGQGLEWMGWIHPN--SGATKYAQKFE-GWVTMTRDTSISTVYMELSRSRSDDTAVYYCARAGLEPRSVDYYFYGLDVWGQGTAVTVSS,QVQLVQSGAEVRKPGASVKVSCKAS,GYTFTDNY,IHWVRQAPGQGLEWMGW,IHPNSGAT,KYAQKFEGWVTMTRDTSISTVYMELSRSRSDDTAVYYC,ARAGLEPRSVDYYFYGLDV,WGQGTAVTVSS
4HKX,A,226,QVQLVQSGAEVRKPGASVKVSCKASGYTFTDNYIHWVRQAPGQGLEWMGWIHPNSGATKYAQKFEGWVTMTRDTSISTVYMELSRSRSDDTAVYYCARAGLEPRSVDYYFYGLDVWGQGTAVTVSSASTKGPSVFPLAPSSKSTSGGTAALGCLVKDYFPEPVTVSWNSGALTSGVHTFPAVLQSSGLYSLSSVVTVPSSSLGTQTYICNVNHKPSNTKVDKRVEP,A,ok,H,human,IGHV1-2*04,human,0.8979591836734694,IGHJ6*01,human,0.8571428571428571,QVQLVQSGA-EVRKPGASVKVSCKASGYTF----TDNYIHWVRQAPGQGLEWMGWIHPN--SGATKYAQKFE-GWVTMTRDTSISTVYMELSRSRSDDTAVYYCARAGLEPRSVDYYFYGLDVWGQGTAVTVSS,QVQLVQSGAEVRKPGASVKVSCKAS,GYTFTDNY,IHWVRQAPGQGLEWMGW,IHPNSGAT,KYAQKFEGWVTMTRDTSISTVYMELSRSRSDDTAVYYC,ARAGLEPRSVDYYFYGLDV,WGQGTAVTVSS
4HKX,A,226,QVQLVQSGAEVRKPGASVKVSCKASGYTFTDNYIHWVRQAPGQGLEWMGWIHPNSGATKYAQKFEGWVTMTRDTSISTVYMELSRSRSDDTAVYYCARAGLEPRSVDYYFYGLDVWGQGTAVTVSSASTKGPSVFPLAPSSKSTSGGTAALGCLVKDYFPEPVTVSWNSGALTSGVHTFPAVLQSSGLYSLSSVVTVPSSSLGTQTYICNVNHKPSNTKVDKRVEP,A,ok,H,human,IGHV1-2*04,human,0.8979591836734694,IGHJ6*01,human,0.8571428571428571,QVQLVQSGA-EVRKPGASVKVSCKASGYTF----TDNYIHWVRQAPGQGLEWMGWIHPN--SGATKYAQKFE-GWVTMTRDTSISTVYMELSRSRSDDTAVYYCARAGLEPRSVDYYFYGLDVWGQGTAVTVSS,QVQLVQSGAEVRKPGASVKVSCKAS,GYTFTDNY,IHWVRQAPGQGLEWMGW,IHPNSGAT,KYAQKFEGWVTMTRDTSISTVYMELSRSRSDDTAVYYC,ARAGLEPRSVDYYFYGLDV,WGQGTAVTVSS
4HKX,A,226,QVQLVQSGAEVRKPGASVKVSCKASGYTFTDNYIHWVRQAPGQGLEWMGWIHPNSGATKYAQKFEGWVTMTRDTSISTVYMELSRSRSDDTAVYYCARAGLEPRSVDYYFYGLDVWGQGTAVTVSSASTKGPSVFPLAPSSKSTSGGTAALGCLVKDYFPEPVTVSWNSGALTSGVHTFPAVLQSSGLYSLSSVVTVPSSSLGTQTYICNVNHKPSNTKVDKRVEP,A,ok,H,human,IGHV1-2*04,human,0.8979591836734694,IGHJ6*01,human,0.8571428571428571,QVQLVQSGA-EVRKPGASVKVSCKASGYTF----TDNYIHWVRQAPGQGLEWMGWIHPN--SGATKYAQKFE-GWVTMTRDTSISTVYMELSRSRSDDTAVYYCARAGLEPRSVDYYFYGLDVWGQGTAVTVSS,QVQLVQSGAEVRKPGASVKVSCKAS,GYTFTDNY,IHWVRQAPGQGLEWMGW,IHPNSGAT,KYAQKFEGWVTMTRDTSISTVYMELSRSRSDDTAVYYC,ARAGLEPRSVDYYFYGLDV,WGQGTAVTVSS
4HKX,A,226,QVQLVQSGAEVRKPGASVKVSCKASGYTFTDNYIHWVRQAPGQGLEWMGWIHPNSGATKYAQKFEGWVTMTRDTSISTVYMELSRSRSDDTAVYYCARAGLEPRSVDYYFYGLDVWGQGTAVTVSSASTKGPSVFPLAPSSKSTSGGTAALGCLVKDYFPEPVTVSWNSGALTSGVHTFPAVLQSSGLYSLSSVVTVPSSSLGTQTYICNVNHKPSNTKVDKRVEP,A,ok,H,human,IGHV1-2*04,human,0.8979591836734694,IGHJ6*01,human,0.8571428571428571,QVQLVQSGA-EVRKPGASVKVSCKASGYTF----TDNYIHWVRQAPGQGLEWMGWIHPN--SGATKYAQKFE-GWVTMTRDTSISTVYMELSRSRSDDTAVYYCARAGLEPRSVDYYFYGLDVWGQGTAVTVSS,QVQLVQSGAEVRKPGASVKVSCKAS,GYTFTDNY,IHWVRQAPGQGLEWMGW,IHPNSGAT,KYAQKFEGWVTMTRDTSISTVYMELSRSRSDDTAVYYC,ARAGLEPRSVDYYFYGLDV,WGQGTAVTVSS
4HKX,A,226,QVQLVQSGAEVRKPGASVKVSCKASGYTFTDNYIHWVRQAPGQGLEWMGWIHPNSGATKYAQKFEGWVTMTRDTSISTVYMELSRSRSDDTAVYYCARAGLEPRSVDYYFYGLDVWGQGTAVTVSSASTKGPSVFPLAPSSKSTSGGTAALGCLVKDYFPEPVTVSWNSGALTSGVHTFPAVLQSSGLYSLSSVVTVPSSSLGTQTYICNVNHKPSNTKVDKRVEP,A,ok,H,human,IGHV1-2*04,human,0.8979591836734694,IGHJ6*01,human,0.8571428571428571,QVQLVQSGA-EVRKPGASVKVSCKASGYTF----TDNYIHWVRQAPGQGLEWMGWIHPN--SGATKYAQKFE-GWVTMTRDTSISTVYMELSRSRSDDTAVYYCARAGLEPRSVDYYFYGLDVWGQGTAVTVSS,QVQLVQSGAEVRKPGASVKVSCKAS,GYTFTDNY,IHWVRQAPGQGLEWMGW,IHPNSGAT,KYAQKFEGWVTMTRDTSISTVYMELSRSRSDDTAVYYC,ARAGLEPRSVDYYFYGLDV,WGQGTAVTVSS
4HKX,A,226,QVQLVQSGAEVRKPGASVKVSCKASGYTFTDNYIHWVRQAPGQGLEWMGWIHPNSGATKYAQKFEGWVTMTRDTSISTVYMELSRSRSDDTAVYYCARAGLEPRSVDYYFYGLDVWGQGTAVTVSSASTKGPSVFPLAPSSKSTSGGTAALGCLVKDYFPEPVTVSWNSGALTSGVHTFPAVLQSSGLYSLSSVVTVPSSSLGTQTYICNVNHKPSNTKVDKRVEP,A,ok,H,human,IGHV1-2*04,human,0.8979591836734694,IGHJ6*01,human,0.8571428571428571,QVQLVQSGA-EVRKPGASVKVSCKASGYTF----TDNYIHWVRQAPGQGLEWMGWIHPN--SGATKYAQKFE-GWVTMTRDTSISTVYMELSRSRSDDTAVYYCARAGLEPRSVDYYFYGLDVWGQGTAVTVSS,QVQLVQSGAEVRKPGASVKVSCKAS,GYTFTDNY,IHWVRQAPGQGLEWMGW,IHPNSGAT,KYAQKFEGWVTMTRDTSISTVYMELSRSRSDDTAVYYC,ARAGLEPRSVDYYFYGLDV,WGQGTAVTVSS
4M5Z,A,204,GVAPLHLGKCNIAGWILGNPECETASWSYIVETSDNTCYPGDFIDYEELREQLSSVSSFERFEIFPSWPNHDSNGVTAACPHAGAKSFYKNLIWLVKKGNSYPKLSKSYINDKGKEVLVLWGIHHPSTSADQQSLYQNADAYVFVGSSRYSKKFKPEIAIRPKVRDQEGRMNYYWTLVEPGDKITFEATGNLVVPRYAFAMERN,A,no_hit,,,,,,,,,,,,,,,,
4PY8,A,499,ADPGDTICIGYHANNSTDTVDTVLEKNVTVTHSVNLLEDSHNGKLCKLKGIAPLQLGKCNIAGWLLGNPECDLLLTASSWSYIVETSNSENGTCYPGDFIDYEELREQLSSVSSFEKFEIFPKTSSWPNHETTKGVTAACSYAGASSFYRNLLWLTKKGSSYPKLSKSYVNNKGKEVLVLWGVHHPPTGTDQQSLYQNADAYVSVGSSKYNRRFTPEIAARPKVRDQAGRMNYYWTLLEPGDTITFEATGNLIAPWYAFALNRGSGSGIITSDAPVHDCNTKCQTPHGAINSSLPFQNIHPVTIGECPKYVRSTKLRMATGLRNIPSIGLFGAIAGFIEGGWTGMIDGWYGYHHQNEQGSGYAADQKSTQNAIDGITNKVNSVIEKMNTQAVGKEFNNLERRIENLNKKVDDGFLDIWTYNAELLVLLENERTLDFHDSNVRNLYEKVKSQLKNNAKEIGNGCFEFYHKCDDACMESVRNGTYDYPKYSEESKLNREEI,A,no_hit,,,,,,,,,,,,,,,,
4YK4,A,206,QLGNCSVAGWILGNPECELLISRESWSYIVEKPNPENGTCYPGHFADYEELREQLSSVSSFERFEIFPKESSWPNHTTTGVSASCSHNGESSFYKNLLWLTGKNGLYPNLSKSYANNKEKEVLVLWGVHHPPNIGDQRALYHTENAYVSVVSSHYSRKFTPEIAKRPKVRDQEGRINYYWTLLEPGDTIIFEANGNLIAPRYAFAL,A,no_hit,,,,,,,,,,,,,,,,
5GJS,A,487,SDTLCIGYHANNSTDTVDTVLEKNVTVTHSVNLLEDKHNGKLCKLRGVAPLHLGKCNIAGWILGNPECESTASSWSYIVETPSSDNGTCYPGDFIDYEELREQLSSVSSFERFEIFPKTSSWPNHDSNKGVTAACPHAGAKSFYKNLIWLVKKGNSYPKLSKSYINDKGKEVLVLWGIHHPSTSADQQSLYNADTYVFVCSSRYSKKFKPEIAICPKVRDQEGRMNYYWTLVEPGDKITFEATGNLVVPRYAFAMERNASGIIISDTPVHDCNTTCQTPKGAINTSLPFQNIHPITIGKCPKYVKSTKLRLATGLRNIPSGAIAFIEGGWTGMVDGWYGYHHQNEQGSGYAADLKSTQNAIDEITNKVNSVIEKMNTQFTAVGKEFNHLEKRIENLNKKVDDGFLDIWTYNAELLVLLENERTLDYHDSNVKNLYEKVRSQLKNNAKEIGNGCFEFYHKCDNTCMESVKNGTYDYPKYSEEAKLNRE,A,no_hit,,,,,,,,,,,,,,,,
5UG0,A,496,EDTICIGYHANNSTDTVDTVLEKNVTVTHSVNLLEDSHNGKLCLLKGIAPLQLGNCSVAGWILGNPECELLISRESWSYIVEKPNPENGTCYPGHFADYEELREQLSSVSSFERFEIFPKESSWPNHTTTGVSASCSHNGESSFYKNLLWLTGKNGLYPNLSKSYANNKEKEVLVLWGVHHPPNIGDQRALYHTENAYVSVVSSHYSRKFTPEIAKRPKVRDREGRINYYWTLLEPGDTIIFEANGNLIAPRYAFALSRGFGSGIINSNAPMDECDAKCQTPQGAINSSLPFQNVHPVTIGECPKYVRSAKLRMVTGLRNIPSIQSGAIAGFIEGGWTGMVDGWYGYHHQNEQGSGYAADQKSTQNAINGITNKVNSVIEKMNTQFTAVGKEFNKLERRMENLNKKVDDGFIDIWTYNAELLVLLENERTLDFHDSNVKNLYEKVKSQLKNNAKEIGNGCFEFYHKCNDECMESVKNGTYDYPKYSEESKLNREKI,A,no_hit,,,,,,,,,,,,,,,,
5W6G,A,494,YLLEDTICIGYHANNSTDTVDTVLEKNVTVTHSVNLLEDSHNGKLCLLKGIAPLQLGNCSVAGWILGNPECELLISRESWSYIVEKPNPENGTCYPGHFADYEELREQLSSVSSFERFEIFPKESSWPNHTTTGVSASCSHNGESSFYKNLLWLTGKNGLYPNLSKSYANNKEKEVLVLWGVHHPPNIGDQRALYHTENAYVSVVSSHYSRKFTPEIAKRPKVRDREGRINYYWTLLEPGDTIIFEANGNLIAPRYAFALSRGFGSGIINSNAPMDECDAKCQTPQGAINSSLPFQNVHPVTIGECPKYVRSAKLRMVTGLRNIPSAIAGFIEGGWTGMVDGWYGYHHQNEQGSGYAADQKSTQNAINGITNKVNSVIEKMNTQFTAVGKEFNKLERRMENLNKKVDDGFIDIWTYNAELLVLLENERTLDFHDSNVKNLYEKVKSQLKNNAKEIGNGCFEFYHKCNDECMESVKNGTYDYPKYSEESKLNREK,A,no_hit,,,,,,,,,,,,,,,,
6FYT,A,488,GDTICIGYHANNSTDTVDTVLEKNVTVTHSVNLLEDSHNGKLCRLGIAPLQLGNCSVAGWILGNPECELLISREWSYIVEKPNPENTCYPGHFADYEELREQLSSVSSFERFEIFPSWPNHTTTGVSASCSHNGESSFYKNLLWLTGKNGLYPNLSKSYANNKEKEVLVLWGVHHPPNIGDQRALYHKENAYVSVVSSHYSRKFTPEIAKRPKVRDQEGRINYYWTLLEPGDTIIFEANGNLIAPRYAFALSRGFSGIINSNAPMDECDAKCQTPQGAINSSLPFQNVHPVTIGECPKYVRSAKLRMVTGLRNIPGLFGAIAGFIEGGWTGMVDGWYGYHHQNEQGSGYAADQKSTQNAINGITNKVNSVIEKMNTQFTAVGKEFNKLERRMENLNKKVDDGFIDIWTYNAELLVLLENERTLDFHDSNVKNLYEKVKSQLKNNAKEIGNGCFEFYHKCNDECMESVKNGTYDYPKYSEESKLNREKI,A,no_hit,,,,,,,,,,,,,,,,
6ML8,A,478,TICIGYHANNSTDTVDTVLEKNVTVTHSVNLLEDSHNGKLCRLKGKAPLQLGNCNIAGWVLGNPECESLLSNRSWSYIAETPNSENGTCYPGDFADYEELREQLSSVSSFERFEIFPKERSWPNHTTRGVTAACPHARKSSFYKNLVWLTEANGSYPNLSRSYVNNQEKEVLVLWGVHHPSNIEEQRALYRKDNAYVSVVSSNYNRRFTPEIAKRPKVRDQSGRMNYYWTLLEPGDTIIFEATGNLIAPWYAFALSRGPGSGIITSNAPLDECDTKCQTPQGAINSSLPFQNIHPVTIGECPKYVRSTKLRMVTGLRNIPSFGAIAGFIEGGWTGMMDGWYGYHHQNEQGSGYAADQKSTQNAINGITNKVNSVIEKMNTQFTAVGKEFNKLEKRMENLNKKVDDGFMDIWTYNAELLVLLENERTLDFHDSNVKNLYEKVKNQLRNNAKELGNGCFEFYHKCDNECMESVKNGTYDY,A,no_hit,,,,,,,,,,,,,,,,
6Q0E,A,208,APLQLGNCSVAGWILGNPECESLISKESWSYIVETPGTCYPGYFADYEELREQLSSVSSFERFEIFPKESSWPNHTVTGVTASCSHNGKSSFYRNLLWLTEKNGLYPNLSNSYVNNKEKEVLVLWGVHHPSNIRDQRAIYHTENAYVSVVSSHYSRRFTPEIAKRPKVRGQEGRINYYWTLLEPGDTIIFEANGNLIAPWYAFALSRG,A,no_hit,,,,,,,,,,,,,,,,
6Q0H,A,209,PLQLGNCSVAGWILGNPECESLISKESWSYIVETPENGTCYPGYFADYEELREQLSSVSSFERFEIFPKESSWPNHTVTGVTASCSHNGKSSFYRNLLWLTEKNGLYPNLSNSYVNNKEKEVLVLWGVHHPSNIRDQRAIYHTENAYVSVVSSHYSRRFTPEIAKRPKVRGQEGRINYYWTLLEPGDTIIFEANGNLIAPWYAFALSRG,A,no_hit,,,,,,,,,,,,,,,,
6Q0I,A,207,SAPLQLGNCSVAGWILGNPECESLISKESWSYIVEGTCYPGYFADYEELREQLSSVSSFERFEIFPKESSWPNHTVTGVTASCSHNGKSSFYRNLLWLTEKNGLYPNLSNSYVNNKEKEVLVLWGVHHPSNIRDQRAIYHTENAYVSVVSSHYSRRFTPEIAKRPKVRGQEGRINYYWTLLEPGDTIIFEANGNLIAPWYAFALSRG,A,no_hit,,,,,,,,,,,,,,,,
6Q0I,A,207,SAPLQLGNCSVAGWILGNPECESLISKESWSYIVEGTCYPGYFADYEELREQLSSVSSFERFEIFPKESSWPNHTVTGVTASCSHNGKSSFYRNLLWLTEKNGLYPNLSNSYVNNKEKEVLVLWGVHHPSNIRDQRAIYHTENAYVSVVSSHYSRRFTPEIAKRPKVRGQEGRINYYWTLLEPGDTIIFEANGNLIAPWYAFALSRG,A,no_hit,,,,,,,,,,,,,,,,
6Q0I,A,207,SAPLQLGNCSVAGWILGNPECESLISKESWSYIVEGTCYPGYFADYEELREQLSSVSSFERFEIFPKESSWPNHTVTGVTASCSHNGKSSFYRNLLWLTEKNDLYPNLSNSYVNNKEKEVLVLWGVHHPSNIRDQRAIYHTENAYVSVVSSHYSRRFTPEIAKRPKVRGQEGRINYYWTLLEPGDTIIFEANGNLIAPWYAFALSRG,A,no_hit,,,,,,,,,,,,,,,,
6Q0I,A,207,SAPLQLGNCSVAGWILGNPECESLISKESWSYIVEGTCYPGYFADYEELREQLSSVSSFERFEIFPKESSWPNHTVTGVTASCSHNGKSSFYRNLLWLTEKNKLYPNLSNSYVNNKEKEVLVLWGVHHPSNIRDQRAIYHTENAYVSVVSSHYSRRFTPEIAKRPKVRGQEGRINYYWTLLEPGDTIIFEANGNLIAPWYAFALSRG,A,no_hit,,,,,,,,,,,,,,,,
6Q0L,A,212,APLQLGNCSVAGWILGNPECESLISKESWSYIVETPNPENGTCYPGYFADYEELREQLSSVSSFERFEIFPKESSWPNHTVTGVTASCSHNGKSSFYRNLLWLTEKNGLYPNLSNSYVNNKEKEVLVLWGVHHPSNIRDQRAIYHTENAYVSVVSSHYSRRFTPEIAKRPKVRGQEGRINYYWTLLEPGDTIIFEANGNLIAPWYAFALSRG,A,no_hit,,,,,,,,,,,,,,,,
6Q0O,A,215,ASAPLQLGNCSVAGWILGNPECELLISRESWSYIVEKPNPENGTCYPGHFADYEELREQLSSVSSFERFEIFPKESSWPNHTTTGVSASCSHNGESSFYKNLLWLTGKNGLYPNLSKSYANNKEKEVLVLWGVHHPPNIGDQRALYHTENAYVSVVSSHYSRKFTPEIAKRPKVRDQEGRINYYWTLLEPGDTIIFEANGNLIAPRYAFALSRGF,A,no_hit,,,,,,,,,,,,,,,,
6Q18,A,212,APLQLGNCSVAGWILGNPECESLISKESWSYIVETPNPENGTCYPGYFADYEELREQLSSVSSFERFEIFPKESSWPNHTVTGVTASCSHNGKSSFYRNLLWLTEKNGLYPNLSNSYVNNKEKEVLVLWGVHHPSNIRDQRAIYHTENAYVSVVSSHYSRRFTPEIAKRPKVRGQEGRINYYWTLLEPGDTIIFEANGNLIAPWYAFALSRG,A,no_hit,,,,,,,,,,,,,,,,
6WHK,A,211,PLQLGNCSVAGWILGNPECESLISKESWSYIVETPNPENGTCYPGYFADYEELREQLSSVSSFERFEIFPKESSWPNHTVTGVTASCSHNGKSSFYRNLLWLTEKNGLYPNLSNSYVNNKEKEVLVLWGVHHPSNIRDQRAIYHTENAYVSVVSSHYSRRFTPEIAKRPKVRGQEGRINYYWTLLEPGDTIIFEANGNLIAPWYAFALSRG,A,no_hit,,,,,,,,,,,,,,,,
6XQ0,A,214,SAPLHLGKCNIAGWILGNPECESLSTASWSYIVETPSSDNGTCYPGDFIDYEELREQLSSVSRFEIFPKTSSWPNHDSDGVTAACPHAGAKSFYKNLIWLVKKGNSYPKLSKSYINDKGKEVLVLWGIHHPSTSADQQSLYQNADAYVFVGSSRYSKTFKPEIAIRPKVRDREGRMNYYWTLVEPGDKITFEATGNLVVPRYAFAMERNAGSGL,A,no_hit,,,,,,,,,,,,,,,,
6XQ0,A,214,SAPLHLGKCNIAGWILGNPECESLSTASWSYIVETPSSDNGTCYPGDFIDYEELREQLSSVSRFEIFPKTSSWPNHDSDGVTAACPHAGAKSFYKNLIWLVKKGNSYPKLSKSYINDKGKEVLVLWGIHHPSTSADQQSLYQNADAYVFVGSSRYSKTFKPEIAIRPKVRDREGRMNYYWTLVEPGDKITFEATGNLVVPRYAFAMERNAGSGL,A,no_hit,,,,,,,,,,,,,,,,
6XSK,A,482,DTICIGYHANNSTDTVDTVCEKNVTVTHSVNLLEDSHNGKLCLLGIAPLQLGNCSVAGWILGNPECELLISREWSYIVEKPNPENTCYPGHFADYEELREQLSSVSSFERFEIFPSWPNHTTTGVSASCSHNGESSFYKNLLWLTGKNGLYPNLSKSYANNKEKEVLVLWGVHHPPNIGDQRALYHKENAYVSVVSSHYSRKFTPEIAKRPKVRDQEGRINYYWTLLEPGDTIIFEANGNLIAPRYAFALSRGFSGIINSNAPMDECDAKCQTPQGAINSSLPFQNVHPVTIGECPKYVRSAKLRMVTGLRNIPSAGFIEGGWTGMVDGWYGYHHQNEQGSGYAADQKSTQNAINCITNKVNSVIEKMNTQFTAVGKEFNKLERRMENLNKKVDDGFIDIWTYNAELLVLLENERTLDFHDSNVKNLYEKVKSQLKNNAKEIGNGCFEFYHKCNDECMESVKNGTYDYPKYSEESKLNREKI,A,no_hit,,,,,,,,,,,,,,,,
7JIX,A,496,EDTICIGYHANNSTDTVDTVLEKNVTVTHSVNLLEDSHNGKLCLLKGIAPLQLGNCSVAGWILGNPECELLISRESWSYIVEKPNPENGTCYPGHFADYEELREQLSSVSSFERFEIFPKESSWPNHTTTGVSASCSHNGESSFYKNLLWLTGKNGLYPNLSKSYANNKEKEVLVLWGVHHPPNIGDQRALYHTENAYVSVVSSHYSRKFTPEIAKRPKVRDREGRINYYWTLLEPGDTIIFEANGNLIAPRYAFALSRGFGSGIINSNAPMDECDAKCQTPQGAINSSLPFQNVHPVTIGECPKYVRSAKLRMVTGLRNIPSGLFGAIAGFIEGGWTGMVDGWYGYHHQNEQGSGYAADQKSTQNAINGITNKVNSVIEKMNTQFTAVGKEFNKLERRMENLNKKVDDGFIDIWTYNAELLVLLENERTLDFHDSNVKNLYEKVKSQLKNNAKEIGNGCFEFYHKCNDECMESVKNGTYDYPKYSEESKLNREKI,A,no_hit,,,,,,,,,,,,,,,,
7JIX,A,496,EDTICIGYHANNSTDTVDTVLEKNVTVTHSVNLLEDSHNGKLCLLKGIAPLQLGNCSVAGWILGNPECELLISRESWSYIVEKPNPENGTCYPGHFADYEELREQLSSVSSFERFEIFPKESSWPNHTTTGVSASCSHNGESSFYKNLLWLTGKNGLYPNLSKSYANNKEKEVLVLWGVHHPPNIGDQRALYHTENAYVSVVSSHYSRKFTPEIAKRPKVRDREGRINYYWTLLEPGDTIIFEANGNLIAPRYAFALSRGFGSGIINSNAPMDECDAKCQTPQGAINSSLPFQNVHPVTIGECPKYVRSAKLRMVTGLRNIPSGLFGAIAGFIEGGWTGMVDGWYGYHHQNEQGSGYAADQKSTQNAINGITNKVNSVIEKMNTQFTAVGKEFNKLERRMENLNKKVDDGFIDIWTYNAELLVLLENERTLDFHDSNVKNLYEKVKSQLKNNAKEIGNGCFEFYHKCNDECMESVKNGTYDYPKYSEESKLNREKI,A,no_hit,,,,,,,,,,,,,,,,
7SCN,A,489,TICIGYHANNSTDTVDTVLEKNVTVTHSVNLLEDSHNGKLCLLKGIAPLQLGNCSVAGWILGNPECELLISKESWSYIVETPNPENGTCYPGYFADYEELREQLSSVSSFERFEIFPKESSWPNHTVTGVSASCSHNGKSSFYRNLLWLTGKNGLYPNLSKSYVNNKEKEVLVLWGVHHPPNIGNQRALYHTENAYVSVVSSHYSRRFTPEIAKRPKVRDQEGRINYYWTLLEPGDTIIFEANGNLIAPWYAFALSRGFGSGIITSNAPMDECDAKCQTPQGAINSSLPFQNVHPVTIGECPKYVRSAKLRMVTGLRNIPSIAGFIEGGWTGMVDGWYGYHHQNEQGSGYAADQKSTQNAINGITNKVNSVIEKMNTQFTAVGKEFNKLERRMENLNKKVDDGFLDIWTYNAELLVLLENERTLDFHDSNVKNLYEKVKSQLKNNAKEIGNGCFEFYHKCNNECMESVKNGTYDYPKYSEESKLNREKI,A,no_hit,,,,,,,,,,,,,,,,
7SCO,A,493,DTICIGYHANNSTDTVDTVLEKNVTVTHSVNLLEDSHNGKLCLLKGIAPLQLGNCSVAGWILGNPECELLISKESWSYIVETPNPENGTCYPGYFADYEELREQLSSVSSFERFEIFPKESSWPNHTVTGVSASCSHNGKSSFYRNLLWLTGKNGLYPNLSKSYVNNKEKEVLVLWGVHHPPNIGNQRALYHTENAYVSVVSSHYSRRFTPEIAKRPKVRDQEGRINYYWTLLEPGDTIIFEANGNLIAPWYAFALSRGFGSGIITSNAPMDECDAKCQTPQGAINSSLPFQNVHPVTIGECPKYVRSAKLRMVTGLRNIPSAGFIEGGWTGMVDGWYGYHHQNEQGSGYAADQKSTQNAINGITNKVNSVIEKMNTQFTAVGKEFNKLERRMENLNKKVDDGFLDIWTYNAELLVLLENERTLDFHDSNVKNLYEKVKSQLKNNAKEIGNGCFEFYHKCNNECMESVKNGTYDYPKYSEESKLNREKIDGVK,A,no_hit,,,,,,,,,,,,,,,,
7YHK,A,377,NSTDTVDTVLEKNVTVTHSVNLLEDSHNGKLCLLKGIAPLQLGNCSVAGWILGNPECESLISKESWSYIVETPNPENGTCYPGYFADYEELREQLSSVSSFERFEIFPKESSWPKHTVTGVTASCSHNGKSSFYRNLLWLTEKNGLYPNLSNSYVNNKEKEVLVLWGVHHPSNIGDQRAIYHTENAYVSVVSSHYSRRFTPEIAKRPKVRGQEGRINYYWTLLEPGDTIIFEANGNLIAPWYAFALSRGFGSGIITSNAPMNECDAKCQTPQGAINSSLPFQNVHPVTIGECPKYVRSTKLRMVTGLRNIVNSVIEKMNTQFTAVGKEFNKLERRMENLNKKVDDGFLDIWTYNAELLVLLENERTLDFHDSNVKNL,A,no_hit,,,,,,,,,,,,,,,,
8DIU,A,489,SDTICIGYHANNSTDTVDTVLEKNVTVTHSVNLLEDSHNGKLCRLKGTAPLQLGNCSVAGWILGNPECESLFSKESWSYIAETPKPENGTCYPGYFADYEELREQLSSVSSFERFEIFPKESSWPNHTVTKGVTAACSHNGKSSFYKNLLWLTEKNGLYPNLSKSYVNNKEKEVLVLWGVHHPSNIGDQRAIYHTENAYVSVVSSHYSRRFTPEIAKRPKVRGQEGRINYYWTLLEPGDTIIFEANGNLIAPWYAFALSRGFGSGIITSNASMGECDAKCQTPQGAINSSLPFQNVHPVTIGECPKYVRSTKLRMVTGLRNIPSGLFGAIAGFIEGGWTGMIDGWYGYHHQNEQGSGYAADQKSTQNAINGITNKVNSVIEKMNTQFTAVGKEFNKLERRMENLNKKVDDGFLDIWTYNAELLVLLENERTLDFHDSNVKNLYEKVKNQLKNNAKEIGNGCFEFYHKCNNECMESVKNGTYDYPKYSEE,A,no_hit,,,,,,,,,,,,,,,,
8GV5,A,478,DTICVGYHANNSTDTVDTILEKNVTVTHSVNLLEDSHNGKLCSLNGKSPLQLGNCNVAGWILGNPECDLLLTADSWSYIIETSNSKNGACYPGEFTDYEELREQLSTVSSFERFEIFPKATSWPNHDTTKGTTVACSHSGAKSFYRNLLWIVQKENSYPKLSNSYTNNKGKRVLVIWGVHHPYRDQQALYRNNHTYVSVESSKYYQRFTPEIVARPKVREQAGRINYYWTLLDQGDTITFEATGNLIAPWHAFALKKGSSSGMMVSDAQVHNCTTKCQTPHGALKSNLPFQNVHPITIGECPKYVKSTQLRMATGLRNIPSGAIAGFIEGGWTGMIDGWYGYHHQNEHGSGYAADQKSTQIAIDGIRNKVNSVIEKMNIQFTSVGKEFNSLEKRMENLNKKVDDGFLDVWTYNAELLILLENERTLDYHDFNVKNLYEKVKSQLRNNAKEIGNGCFEFYHKCDNECMESVKNGTYNYP,A,no_hit,,,,,,,,,,,,,,,,
4HKX,B,201,QSALTQPPSVSVAPGQTATITCGGNNIGRKRVDWFQQKPGQAPVLVVYERFSDSNSGTTATLTISRVEAGDEADYYCQVWDSDSDHVVFGGGTKLTVLGQPKAAPSVTLFPPSSEELQANKATLVCLISDFYPGAVTVAWKADSSPVKAGVETTTPSKQSNNKYAASSYLSLTPEQWKSHRSYSCQVTHEGSTVEKTVAPT,B,ok,L,human,IGLV3-21*02,human,0.7692307692307693,IGLJ2*01,human,1.0,QSALTQPPS-VSVAPGQTATITCGGNNIG------RKRVDWFQQKPGQAPVLVVYE------------------RFSDSN--SGTTATLTISRVEAGDEADYYCQVWDSD--SDHVVFGGGTKLTVL,QSALTQPPSVSVAPGQTATITCGGN,NIGRKR,VDWFQQKPGQAPVLVVY,E,RFSDSNSGTTATLTISRVEAGDEADYYC,QVWDSDSDHVV,FGGGTKLTVL
4HKX,B,201,QSALTQPPSVSVAPGQTATITCGGNNIGRKRVDWFQQKPGQAPVLVVYERFSDSNSGTTATLTISRVEAGDEADYYCQVWDSDSDHVVFGGGTKLTVLGQPKAAPSVTLFPPSSEELQANKATLVCLISDFYPGAVTVAWKADSSPVKAGVETTTPSKQSNNKYAASSYLSLTPEQWKSHRSYSCQVTHEGSTVEKTVAPT,B,ok,L,human,IGLV3-21*02,human,0.7692307692307693,IGLJ2*01,human,1.0,QSALTQPPS-VSVAPGQTATITCGGNNIG------RKRVDWFQQKPGQAPVLVVYE------------------RFSDSN--SGTTATLTISRVEAGDEADYYCQVWDSD--SDHVVFGGGTKLTVL,QSALTQPPSVSVAPGQTATITCGGN,NIGRKR,VDWFQQKPGQAPVLVVY,E,RFSDSNSGTTATLTISRVEAGDEADYYC,QVWDSDSDHVV,FGGGTKLTVL
4HKX,B,201,QSALTQPPSVSVAPGQTATITCGGNNIGRKRVDWFQQKPGQAPVLVVYERFSDSNSGTTATLTISRVEAGDEADYYCQVWDSDSDHVVFGGGTKLTVLGQPKAAPSVTLFPPSSEELQANKATLVCLISDFYPGAVTVAWKADSSPVKAGVETTTPSKQSNNKYAASSYLSLTPEQWKSHRSYSCQVTHEGSTVEKTVAPT,B,ok,L,human,IGLV3-21*02,human,0.7692307692307693,IGLJ2*01,human,1.0,QSALTQPPS-VSVAPGQTATITCGGNNIG------RKRVDWFQQKPGQAPVLVVYE------------------RFSDSN--SGTTATLTISRVEAGDEADYYCQVWDSD--SDHVVFGGGTKLTVL,QSALTQPPSVSVAPGQTATITCGGN,NIGRKR,VDWFQQKPGQAPVLVVY,E,RFSDSNSGTTATLTISRVEAGDEADYYC,QVWDSDSDHVV,FGGGTKLTVL
4HKX,B,201,QSALTQPPSVSVAPGQTATITCGGNNIGRKRVDWFQQKPGQAPVLVVYERFSDSNSGTTATLTISRVEAGDEADYYCQVWDSDSDHVVFGGGTKLTVLGQPKAAPSVTLFPPSSEELQANKATLVCLISDFYPGAVTVAWKADSSPVKAGVETTTPSKQSNNKYAASSYLSLTPEQWKSHRSYSCQVTHEGSTVEKTVAPT,B,ok,L,human,IGLV3-21*02,human,0.7692307692307693,IGLJ2*01,human,1.0,QSALTQPPS-VSVAPGQTATITCGGNNIG------RKRVDWFQQKPGQAPVLVVYE------------------RFSDSN--SGTTATLTISRVEAGDEADYYCQVWDSD--SDHVVFGGGTKLTVL,QSALTQPPSVSVAPGQTATITCGGN,NIGRKR,VDWFQQKPGQAPVLVVY,E,RFSDSNSGTTATLTISRVEAGDEADYYC,QVWDSDSDHVV,FGGGTKLTVL
4HKX,B,201,QSALTQPPSVSVAPGQTATITCGGNNIGRKRVDWFQQKPGQAPVLVVYERFSDSNSGTTATLTISRVEAGDEADYYCQVWDSDSDHVVFGGGTKLTVLGQPKAAPSVTLFPPSSEELQANKATLVCLISDFYPGAVTVAWKADSSPVKAGVETTTPSKQSNNKYAASSYLSLTPEQWKSHRSYSCQVTHEGSTVEKTVAPT,B,ok,L,human,IGLV3-21*02,human,0.7692307692307693,IGLJ2*01,human,1.0,QSALTQPPS-VSVAPGQTATITCGGNNIG------RKRVDWFQQKPGQAPVLVVYE------------------RFSDSN--SGTTATLTISRVEAGDEADYYCQVWDSD--SDHVVFGGGTKLTVL,QSALTQPPSVSVAPGQTATITCGGN,NIGRKR,VDWFQQKPGQAPVLVVY,E,RFSDSNSGTTATLTISRVEAGDEADYYC,QVWDSDSDHVV,FGGGTKLTVL
4HKX,B,201,QSALTQPPSVSVAPGQTATITCGGNNIGRKRVDWFQQKPGQAPVLVVYERFSDSNSGTTATLTISRVEAGDEADYYCQVWDSDSDHVVFGGGTKLTVLGQPKAAPSVTLFPPSSEELQANKATLVCLISDFYPGAVTVAWKADSSPVKAGVETTTPSKQSNNKYAASSYLSLTPEQWKSHRSYSCQVTHEGSTVEKTVAPT,B,ok,L,human,IGLV3-21*02,human,0.7692307692307693,IGLJ2*01,human,1.0,QSALTQPPS-VSVAPGQTATITCGGNNIG------RKRVDWFQQKPGQAPVLVVYE------------------RFSDSN--SGTTATLTISRVEAGDEADYYCQVWDSD--SDHVVFGGGTKLTVL,QSALTQPPSVSVAPGQTATITCGGN,NIGRKR,VDWFQQKPGQAPVLVVY,E,RFSDSNSGTTATLTISRVEAGDEADYYC,QVWDSDSDHVV,FGGGTKLTVL
4HKX,B,201,QSALTQPPSVSVAPGQTATITCGGNNIGRKRVDWFQQKPGQAPVLVVYERFSDSNSGTTATLTISRVEAGDEADYYCQVWDSDSDHVVFGGGTKLTVLGQPKAAPSVTLFPPSSEELQANKATLVCLISDFYPGAVTVAWKADSSPVKAGVETTTPSKQSNNKYAASSYLSLTPEQWKSHRSYSCQVTHEGSTVEKTVAPT,B,ok,L,human,IGLV3-21*02,human,0.7692307692307693,IGLJ2*01,human,1.0,QSALTQPPS-VSVAPGQTATITCGGNNIG------RKRVDWFQQKPGQAPVLVVYE------------------RFSDSN--SGTTATLTISRVEAGDEADYYCQVWDSD--SDHVVFGGGTKLTVL,QSALTQPPSVSVAPGQTATITCGGN,NIGRKR,VDWFQQKPGQAPVLVVY,E,RFSDSNSGTTATLTISRVEAGDEADYYC,QVWDSDSDHVV,FGGGTKLTVL
4YK4,B,211,DIQMTQSPSSLSASVGDRVTITCRASQSISSYLNWYQQKPGKAPKLLIYAASSLQSGVPSRFSGSGSGTDFTLTISSLQPEDFATYYCQQSYSIPLTFGQGTRLEIKRTVAAPSVFIFPPSDEQLKSGTASVVCLLNNFYPREAKVQWKVDNALQSGNSQESVTEQDSKDSTYSLSSTLTLSKADYEKHKVYACEVTHQGLSSPVTKSFNR,B,ok,K,human,IGKV1-39*01,human,1.0,IGKJ5*01,human,0.9166666666666666,DIQMTQSPSSLSASVGDRVTITCRASQSI------SSYLNWYQQKPGKAPKLLIYAA-------SSLQSGVP-SRFSGSG--SGTDFTLTISSLQPEDFATYYCQQSYS----IPLTFGQGTRLEIK,DIQMTQSPSSLSASVGDRVTITCRAS,QSISSY,LNWYQQKPGKAPKLLIY,AAS,SLQSGVPSRFSGSGSGTDFTLTISSLQPEDFATYYC,QQSYSIPLT,FGQGTRLEIK
6A4K,B,221,APLHLGKCNIAGWILGNPECESLSTASSWSYIVETPSSDNGTCYPGDFIDYEELREQLSSVSSFERFEIFPKTSSWPNHDSNKGVTAACPHAGAKSFYKNLIWLVKKGNSYPKLSKSYINDKGKEVLVLWGIHHPSTSADQQSLYQNADAYVFVGSSRYSKKFKPEIAIRPKVRDQEGRMNYYWTLVEPGDKITFEATGNLVVPRYAFAMERNAGSGIIIS,B,no_hit,,,,,,,,,,,,,,,,
6Q0O,B,211,SELTQDPAVSVALGQTVRITCQGDSLRGYYASWHQQKPGQAPVLVIYGKNNRPSGIPDRFSGSRSGNTASLTITGAQAEDEADYYCASRDSSGNHPVVFGGGTKLTVLGQPKGAPSVTLFPPSSEELQANKATLVCLISDFYPGAVTVAWKADSSPVKAGVETTTPSKQSNNKYAASSYLSLTPEQWKSHRSYSCQVTHEGSTVEKTVAPT,B,ok,L,human,IGLV3-19*01,human,0.945054945054945,IGLJ2*01,human,1.0,-SELTQDPA-VSVALGQTVRITCQGDSLR------GYYASWHQQKPGQAPVLVIYGK-------NNRPSGIP-DRFSGSR--SGNTASLTITGAQAEDEADYYCASRDSS-GNHPVVFGGGTKLTVL,SELTQDPAVSVALGQTVRITCQGD,SLRGYY,ASWHQQKPGQAPVLVIY,GKN,NRPSGIPDRFSGSRSGNTASLTITGAQAEDEADYYC,ASRDSSGNHPVV,FGGGTKLTVL
6WHK,B,211,VLTQPPSVSAAPGQKVTISCSGSSSNIGNNYVSWFQQLPGTAPKLLIYDDDKRPSGIPDRFSGSKSGTSATLGITGLQTGDEADYYCGTWDSRLSAGVVFGGGTKLTVLGQPKGAPSVTLFPPSSEELQANKATLVCLISDFYPGAVTVAWKADSSPVKAGVETTTPSKQSNNKYAASSYLSLTPEQWKSHRSYSCQVTHEGSTVEKTVAP,B,ok,L,human,IGLV1-51*01,human,0.946236559139785,IGLJ2*01,human,1.0,--VLTQPPS-VSAAPGQKVTISCSGSSSNI----GNNYVSWFQQLPGTAPKLLIYDD-------DKRPSGIP-DRFSGSK--SGTSATLGITGLQTGDEADYYCGTWDSR-LSAGVVFGGGTKLTVL,VLTQPPSVSAAPGQKVTISCSGS,SSNIGNNY,VSWFQQLPGTAPKLLIY,DDD,KRPSGIPDRFSGSKSGTSATLGITGLQTGDEADYYC,GTWDSRLSAGVV,FGGGTKLTVL
6XQ0,B,230,EVQLVESGGGLVRPGGSLTLTCAGSGFMFRSYDMHWVRQAAGKGLEWVAGMGKGGETFYAGSVKGRFTISRENARNSLYLQMHSLRAGDTAVYYCARALTEWLFQRGTRNHYYYGMDVWGQGTTITVSGASTKGPSVFPLAPSSKSTSGGTAALGCLVKDYFPEPVTVSWNSGALTSGVHTFPAVLQSSGLYSLSSVVTVPSSSLGTQTYICNVNHKPSNTKVDKRVEPK,B,ok,H,human,IGHV3-13*01,human,0.8247422680412371,IGHJ6*01,human,0.8571428571428571,EVQLVESGG-GLVRPGGSLTLTCAGSGFMF----RSYDMHWVRQAAGKGLEWVAGMGKG---GETFYAGSVK-GRFTISRENARNSLYLQMHSLRAGDTAVYYCARALTEWLFQRGTRNHYYYGMDVWGQGTTITVSG,EVQLVESGGGLVRPGGSLTLTCAGS,GFMFRSYD,MHWVRQAAGKGLEWVAG,MGKGGET,FYAGSVKGRFTISRENARNSLYLQMHSLRAGDTAVYYC,ARALTEWLFQRGTRNHYYYGMDV,WGQGTTITVSG
6XQ0,B,230,EVQLVESGGGLVRPGGSLTLTCAGSGFMFRSYDMHWVRQAAGKGLEWVAGMGKGGETFYAGSVKGRFTISRENARNSLYLQMHSLRAGDTAVYYCARALTEWLFQRGTRNHYYYGMDVWGQGTTITVSGASTKGPSVFPLAPSSKSTSGGTAALGCLVKDYFPEPVTVSWNSGALTSGVHTFPAVLQSSGLYSLSSVVTVPSSSLGTQTYICNVNHKPSNTKVDKRVEPK,B,ok,H,human,IGHV3-13*01,human,0.8247422680412371,IGHJ6*01,human,0.8571428571428571,EVQLVESGG-GLVRPGGSLTLTCAGSGFMF----RSYDMHWVRQAAGKGLEWVAGMGKG---GETFYAGSVK-GRFTISRENARNSLYLQMHSLRAGDTAVYYCARALTEWLFQRGTRNHYYYGMDVWGQGTTITVSG,EVQLVESGGGLVRPGGSLTLTCAGS,GFMFRSYD,MHWVRQAAGKGLEWVAG,MGKGGET,FYAGSVKGRFTISRENARNSLYLQMHSLRAGDTAVYYC,ARALTEWLFQRGTRNHYYYGMDV,WGQGTTITVSG
7FAH,B,214,VAPLHLGKCNIAGWILGNPECESLSTASSWSYIVETPSSDNGTCYPGDFIDYEELREQLSSVSSFERFEIFPKTSSWPNHDSNKGVTAACPHAGAKSFYKNLIWLVKKGNSYPKLSKSYINDKGKEVLVLWGIHHPSTSADQQSLYQNADTYVFVGSSRYSKKFKPEIAIRPKVRDQEGRMNYYWTLVEPGDKITFEATGNLVVPRYAFAMERN,B,no_hit,,,,,,,,,,,,,,,,
7UMM,B,341,TVTHSVNLLEDSHNGKLCLLKGIAPLQLGNCSVAGWILGNPECELLISRESWSYIVEKPNPENGTCYPGHFADYEELREQLSSVSSFERFEIFPKESSWPNHTTTGVSASCSHNGESSFYKNLLWLTGKNGLYPNLSKSYANNKEKEVLVLWGVHHPPNIGDQRALYHTENAYVSVVSSHYSRKFTPEIAKRPKVRDQEGRINYYWTLLEPGDTIIFEANGNLIAPRYAFALSRGFGSGIINSNAPMDECDAKCQTPQGAINSSLPFQNVHPVTIGECPKYVRSAKLRMVTGLRFTAVGKEFNKLERRMENLNKKVDDGFIDIWTYNAELLVLLENERTLD,B,no_hit,,,,,,,,,,,,,,,,
7UMM,B,341,TVTHSVNLLEDSHNGKLCLLKGIAPLQLGNCSVAGWILGNPECELLISRESWSYIVEKPNPENGTCYPGHFADYEELREQLSSVSSFERFEIFPKESSWPNHTTTGVSASCSHNGESSFYKNLLWLTGKNGLYPNLSKSYANNKEKEVLVLWGVHHPPNIGDQRALYHTENAYVSVVSSHYSRKFTPEIAKRPKVRDQEGRINYYWTLLEPGDTIIFEANGNLIAPRYAFALSRGFGSGIINSNAPMDECDAKCQTPQGAINSSLPFQNVHPVTIGECPKYVRSAKLRMVTGLRFTAVGKEFNKLERRMENLNKKVDDGFIDIWTYNAELLVLLENERTLD,B,no_hit,,,,,,,,,,,,,,,,
4YK4,C,220,QVQLQESGPGLVKPSETLSLTCTVSGGSISSYYWSWIRQPPGKGLEWIGYIYYSGSTDYNPSLKSRVTISVDTSKNQFSLKLSSVTAADTAVYYCARRRSDFETVDFIYHYMDVWGKGTTVTVSSASTKGPSVFPLAPSGGTAALGCLVKDYFPEPVTVSWNSGALTSGVHTFPAVLQSSGLYSLSSVVTVPSSSLGTQTYICNVNHKPSNTKVDKRVEP,C,ok,H,human,IGHV4-59*01,human,0.9896907216494846,IGHJ6*03,human,1.0,QVQLQESGP-GLVKPSETLSLTCTVSGGSI----SSYYWSWIRQPPGKGLEWIGYIYYS---GSTDYNPSLK-SRVTISVDTSKNQFSLKLSSVTAADTAVYYCARRRSDFETVDFIYHYMDVWGKGTTVTVSS,QVQLQESGPGLVKPSETLSLTCTVS,GGSISSYY,WSWIRQPPGKGLEWIGY,IYYSGST,DYNPSLKSRVTISVDTSKNQFSLKLSSVTAADTAVYYC,ARRRSDFETVDFIYHYMDV,WGKGTTVTVSS
5UG0,C,212,EIVLTQSPGTLSLSPGEKATLSCRASQSVSSYYLGWYQQKPGQAPRLLIYETSRRATGIPDRFSGSGSGTDFTLTISGLEPEDFAVYYCQHYGVSPVITFGGGTKVEIKRTVAAPSVFIFPPSDEQLKSGTASVVCLLNNFYPREAKVQWKVDNALQSGNSQESVTEQDSKDSTYSLSSTLTLSKADYEKHKVYACEVTHQGLSSPVTKSFN,C,ok,K,human,IGKV3-20*01,human,0.9032258064516129,IGKJ4*01,human,0.9166666666666666,EIVLTQSPGTLSLSPGEKATLSCRASQSVS-----SYYLGWYQQKPGQAPRLLIYET-------SRRATGIP-DRFSGSG--SGTDFTLTISGLEPEDFAVYYCQHYGV---SPVITFGGGTKVEIK,EIVLTQSPGTLSLSPGEKATLSCRAS,QSVSSYY,LGWYQQKPGQAPRLLIY,ETS,RRATGIPDRFSGSGSGTDFTLTISGLEPEDFAVYYC,QHYGVSPVIT,FGGGTKVEIK
5UGY,C,323,EDTICIGYHANNSTDTVDTVLEKNVTVTHSVNLLEDSHNGKLCLLKGIAPLQLGNCSVAGWILGNPECELLISRESWSYIVEKPNPENGTCYPGHFADYEELREQLSSVSSFERFEIFPKESSWPNHTTTGVSASCSHNGESSFYKNLLWLTGKNGLYPNLSKSYANNKEKEVLVLWGVHHPPNIGDQRALYHTENAYVSVVSSHYSRKFTPEIAKRPKVRDREGRINYYWTLLEPGDTIIFEANGNLIAPRYAFALSRGFGSGIINSNAPMDECDAKCQTPQGAINSSLPFQNVHPVTIGECPKYVRSAKLRMVTGLRNIPS,C,no_hit,,,,,,,,,,,,,,,,
6OC3,C,208,QVQLEESGPGLVKPSETLSLTCSVSGVSVTSDIYYWIRQPPGKGLEWIGYIFYNGDTNYNPSLKSRVTMSIDTSKNEFSLRLTAADTAVYFCARGTEDLGNHWGQGTLVTVSSASTKGPSVFPLAPGGTAALGCLVKDYFPEPVTVSWNSGALTSGVHTFPAVLQSSGLYSLSSVVTVPSSSLGTQTYICNVNHKPSNTKVDKRVEPK,C,ok,H,human,IGHV4-59*02,human,0.8041237113402062,IGHJ1*01,human,0.8571428571428571,QVQLEESGP-GLVKPSETLSLTCSVSGVSV----TSDIYYWIRQPPGKGLEWIGYIFYN---GDTNYNPSLK-SRVTMSIDTSKNEFSLRL---TAADTAVYFCARGTE---DLGNHWGQGTLVTVSS,QVQLEESGPGLVKPSETLSLTCSVS,GVSVTSDI,YYWIRQPPGKGLEWIGY,IFYNGDT,NYNPSLKSRVTMSIDTSKNEFSLRLTAADTAVYFC,ARGTEDLGNH,WGQGTLVTVSS
6URM,C,210,LHLGKCNIAGWILGNPECESLSTASWSYIVETSSDNGTCYPGDFIDYEELREQLSSVSRFEIFPKTSSWPNHDSNGVTAACPHAGAKSFYKNLIWLVKKGNSYPKLSKSYINDKGKEVLVLWGIHHPSTSADQQSLYQNADTYVFVGSSRYSKKFKPEIAIRPKVRDQEGRMNYYWTLVEPGDKITFEATGNLVVPRYAFAMERNAGSII,C,no_hit,,,,,,,,,,,,,,,,
6WHK,C,222,EVQLVESGGGLVQPGRSLRLSCTASGFTFGDYGMSWFRQAPGKGLEWVGFIRSKVYGGTTEYAASVKGRFIISRDDSKSIAYLQMNSLKTEDTAVYYCTRDWVRDIILLPALHLDYWGQGTLVTVSGASTKGPSVFPLAPSGGTAALGCLVKDYFPEPVTVSWNSGALTSGVHTFPAVLQSSGLYSLSSVVTVPSSSLGTQTYICNVNHKPSNTKVDKRVEP,C,ok,H,human,IGHV3-49*03,human,0.97,IGHJ4*01,human,0.8571428571428571,EVQLVESGG-GLVQPGRSLRLSCTASGFTF----GDYGMSWFRQAPGKGLEWVGFIRSKVYGGTTEYAASVK-GRFIISRDDSKSIAYLQMNSLKTEDTAVYYCTRDWVRDIILLPALHLDYWGQGTLVTVSG,EVQLVESGGGLVQPGRSLRLSCTAS,GFTFGDYG,MSWFRQAPGKGLEWVGF,IRSKVYGGTT,EYAASVKGRFIISRDDSKSIAYLQMNSLKTEDTAVYYC,TRDWVRDIILLPALHLDY,WGQGTLVTVSG
6XGC,C,487,DTLCIGYHANNSTDTVDTVLEKNVTVTHSVNLLEDKHNGKLCKLRGVAPLHLGKCNIAGWILGNPECESLSTASSWSYIVETSNSDNGTCYPGDFINYEELREQLSSVSSFERFEIFPKTSSWPNHDSNKGVTAACPHAGAKSFYKNLIWLVKKGNSYPKLNQSYINDKGKEVLVLWGIHHPSTTADQQSLYQNADAYVFVGTSRYSKKFKPEIATRPKVRDQEGRMNYYWTLVEPGDKITFEATGNLVVPRYAFTMERNAGSGIIISDTPVHDCNTTCQTPEGAINTSLPFQNIHPITIGKCPKYVKSTKLRLATGLRNVPSIEGGWTGMVDGWYGYHHQNEQGSGYAADLKSTQNAIDKITNKVNSVIEKMNTQFTAVGKEFNHLEKRIENLNKKVDDGFLDIWTYNAELLVLLENERTLDYHDSNVKNLYEKVRNQLKNNAKEIGNGCFEFYHKCDNTCMESVKNGTYDYPKYSEEAKLNREKI,C,no_hit,,,,,,,,,,,,,,,,
6XQ0,C,212,EIVLTQSPGTLSLSPGERATLSCRASQIDNKYLAWYQQKPGQAPRLLIYGASNRATGIPDRFSGSGSGTEFTLIISRLEPEDLAVYYCQQFGSSVYTFGQGTRLEIKRTVAAPSVFIFPPSDEQLKSGTASVVCLLNNFYPREAKVQWKVDNALQSGNSQESVTEQDSKDSTYSLSSTLTLSKADYEKHKVYACEVTHQGLSSPVTKSFNRG,C,ok,K,human,IGKV3-20*01,human,0.8924731182795699,IGKJ5*01,human,0.9166666666666666,EIVLTQSPGTLSLSPGERATLSCRASQID------NKYLAWYQQKPGQAPRLLIYGA-------SNRATGIP-DRFSGSG--SGTEFTLIISRLEPEDLAVYYCQQFGS----SVYTFGQGTRLEIK,EIVLTQSPGTLSLSPGERATLSCRAS,QIDNKY,LAWYQQKPGQAPRLLIY,GAS,NRATGIPDRFSGSGSGTEFTLIISRLEPEDLAVYYC,QQFGSSVYT,FGQGTRLEIK
6XQ0,C,212,EIVLTQSPGTLSLSPGERATLSCRASQIDNKYLAWYQQKPGQAPRLLIYGASNRATGIPDRFSGSGSGTEFTLIISRLEPEDLAVYYCQQFGSSVYTFGQGTRLEIKRTVAAPSVFIFPPSDEQLKSGTASVVCLLNNFYPREAKVQWKVDNALQSGNSQESVTEQDSKDSTYSLSSTLTLSKADYEKHKVYACEVTHQGLSSPVTKSFNRG,C,ok,K,human,IGKV3-20*01,human,0.8924731182795699,IGKJ5*01,human,0.9166666666666666,EIVLTQSPGTLSLSPGERATLSCRASQID------NKYLAWYQQKPGQAPRLLIYGA-------SNRATGIP-DRFSGSG--SGTEFTLIISRLEPEDLAVYYCQQFGS----SVYTFGQGTRLEIK,EIVLTQSPGTLSLSPGERATLSCRAS,QIDNKY,LAWYQQKPGQAPRLLIY,GAS,NRATGIPDRFSGSGSGTEFTLIISRLEPEDLAVYYC,QQFGSSVYT,FGQGTRLEIK
7FAH,C,217,QIQLVQSGPELKKPGETVRISCKASGYTFTKNGMNWVQQAPGKGLKWVGWINTYTGEPSYADDFKGRFAFSLETSASTAYLQINNLKNEDMAAYFCARMVRDAMDFWGQGTSVTVSSAKTTPPSVYPLAPGSAAQTNSMVTLGCLVKGYFPEPVTVTWNSGSLSSGVHTFPAVLQSDLYTLSSSVTVPSSPRPSETVTCNVAHPASSTKVDKKIVPR,C,ok,H,mouse,IGHV9-1*02,mouse,0.9285714285714286,IGHJ4*01,mouse,0.9285714285714286,QIQLVQSGP-ELKKPGETVRISCKASGYTF----TKNGMNWVQQAPGKGLKWVGWINTY--TGEPSYADDFK-GRFAFSLETSASTAYLQINNLKNEDMAAYFCARMVR---DAMDFWGQGTSVTVSS,QIQLVQSGPELKKPGETVRISCKAS,GYTFTKNG,MNWVQQAPGKGLKWVGW,INTYTGEP,SYADDFKGRFAFSLETSASTAYLQINNLKNEDMAAYFC,ARMVRDAMDF,WGQGTSVTVSS
7MEM,C,313,TLCIGYHANNSTDTVDTVLEKNVTVTHSVNLLEDKHNGKLCKLRVAPLHLGKCNIAGWILGNPECESLSTASWSYIVETPSDNGTCYPGDFIDYEELREQLSSVSSFERFEIFPSWPNHDSNGVTAACPHAGAKSFYKNLIWLVKKGNSYPKLSKSYINDKGKEVLVLWGIHHPSTSADQQSLYQNADTYVFVGSSRYSKKFKPEIAIRPKVRDQEGRMNYYWTLVEPGDKITFEATGNLVVPRYAFAMERAGSGIIISDTPVHDCNTTCQTPKGAINTSLPFQNIHPITIGKCPKYVKSTKLRLATGLRNIP,C,no_hit,,,,,,,,,,,,,,,,
7MEM,C,313,TLCIGYHANNSTDTVDTVLEKNVTVTHSVNLLEDKHNGKLCKLRVAPLHLGKCNIAGWILGNPECESLSTASWSYIVETPSDNGTCYPGDFIDYEELREQLSSVSSFERFEIFPSWPNHDSNGVTAACPHAGAKSFYKNLIWLVKKGNSYPKLSKSYINDKGKEVLVLWGIHHPSTSADQQSLYQNADTYVFVGSSRYSKKFKPEIAIRPKVRDQEGRMNYYWTLVEPGDKITFEATGNLVVPRYAFAMERAGSGIIISDTPVHDCNTTCQTPKGAINTSLPFQNIHPITIGKCPKYVKSTKLRLATGLRNIP,C,no_hit,,,,,,,,,,,,,,,,
8GV5,C,124,QVQLVESGGGVVQPGRSLRLSCAASGFPFSSYGMHWVRQAPGKGLEWVAGVSYDGSYKYYADSVKGRFTISRDSSKSTLYLQMNSLRPEDTAVYYCARPSAIFGIYIILNGLDVWGQGTTVTVS,C,ok,H,human,IGHV3-30*03,human,0.9285714285714286,IGHJ6*01,human,0.8571428571428571,QVQLVESGG-GVVQPGRSLRLSCAASGFPF----SSYGMHWVRQAPGKGLEWVAGVSYD--GSYKYYADSVK-GRFTISRDSSKSTLYLQMNSLRPEDTAVYYCARPSAIFGIYIILNGLDVWGQGTTVTVS,QVQLVESGGGVVQPGRSLRLSCAAS,GFPFSSYG,MHWVRQAPGKGLEWVAG,VSYDGSYK,YYADSVKGRFTISRDSSKSTLYLQMNSLRPEDTAVYYC,ARPSAIFGIYIILNGLDV,WGQGTTVTVS
5UG0,D,227,EVQLVESGGGLVQPGGSLRLSCAASGFTFNIYDMHWVRQAPGKGLEWVSSITTAGDTYYPGSVKGRFTTSRENAKNSLYLQMNSLRAGDTGVYYCTRGVREVGATGDDPFYYGMYVWGQGTTVTVSGASTKGPSVFPLAPSSKSTSGGTAALGCLVKDYFPEPVTVSWNSGALTSGVHTFPAVLQSSGLYSLSSVVTVPSSSLGTQTYICNVNHKPSNTKVDKRVEP,D,ok,H,human,IGHV3-13*01,human,0.9175257731958762,IGHJ6*01,human,0.8571428571428571,EVQLVESGG-GLVQPGGSLRLSCAASGFTF----NIYDMHWVRQAPGKGLEWVSSITTA---GDTYYPGSVK-GRFTTSRENAKNSLYLQMNSLRAGDTGVYYCTRGVREVGATGDDPFYYGMYVWGQGTTVTVSG,EVQLVESGGGLVQPGGSLRLSCAAS,GFTFNIYD,MHWVRQAPGKGLEWVSS,ITTAGDT,YYPGSVKGRFTTSRENAKNSLYLQMNSLRAGDTGVYYC,TRGVREVGATGDDPFYYGMYV,WGQGTTVTVSG
6OC3,D,213,DIVMTQSPSSLSASIGDRVTITCRPSQNIRSFLNWFQHKPGKAPKLLIYAASNLQSGVPSRFSGSGSGTEFTLTIRSLQPEDFATYYCQQSYNTPPTFGQGTKVEIKRTVAAPSVFIFPPSDEQLKSGTASVVCLLNNFYPREAKVQWKVDNALQSGNSQESVTEQDSKDSTYSLSSTLTLSKADYEKHKVYACEVTHQGLSSPVTKSFNRGE,D,ok,K,human,IGKV1-39*01,human,0.8804347826086957,IGKJ1*01,human,0.9166666666666666,DIVMTQSPSSLSASIGDRVTITCRPSQNI------RSFLNWFQHKPGKAPKLLIYAA-------SNLQSGVP-SRFSGSG--SGTEFTLTIRSLQPEDFATYYCQQSYN----TPPTFGQGTKVEIK,DIVMTQSPSSLSASIGDRVTITCRPS,QNIRSF,LNWFQHKPGKAPKLLIY,AAS,NLQSGVPSRFSGSGSGTEFTLTIRSLQPEDFATYYC,QQSYNTPPT,FGQGTKVEIK
6URM,D,215,QVTLRESGPALVKPTQTLTLTCTFSGFSLSTSGMCWIRRPPGKALEWLALIDWDDNKYYNTSLRTRLTISKDTSKNQVVLKVDPVDTGTYYCARMLYGDLDPWGQGTLVTVSSASTKGPSVFPLAPSSKSTSGGTAALGCLVKDYFPEPVTVSWNSGALTSGVHTFPAVLQSSGLYSLSSVVTVPSSSLGTQTYICNVNHKPSNTKVDKKVEPKS,D,ok,H,human,IGHV2-70*01,human,0.82,IGHJ5*02,human,0.9285714285714286,QVTLRESGP-ALVKPTQTLTLTCTFSGFSL----STSGMCWIRRPPGKALEWLALIDWD---DNKYYNTSLR-TRLTISKDTSKNQVVLK---VDPVDTGTYYCARMLY---GDLDPWGQGTLVTVSS,QVTLRESGPALVKPTQTLTLTCTFS,GFSLSTSG,MCWIRRPPGKALEWLAL,IDWDDNK,YYNTSLRTRLTISKDTSKNQVVLKVDPVDTGTYYC,ARMLYGDLDP,WGQGTLVTVSS
6XQ4,D,212,APLQLGNCSVAGWILGNPECESLISKESWSYIVETPNPENGTCYPGYFADYEELREQLSSVSSFERFEIFPKESSWPNHTVTGVTASCSHNGKSSFYRNLLWLTEKNGLYPNLSNSYVNNKEKEVLVLWGVHHPSNIRDQRAIYHTENAYVSVVSSHYSRRFTPEIAKRPKVRGQEGRINYYWTLLEPGDTIIFEANGNLIAPWYAFALSRG,D,no_hit,,,,,,,,,,,,,,,,
7FAH,D,215,DIVLTQSPASLAVSLGQRATISCKASQSVDFDGYNYLNWYQQKPGQPPKLLIYAASNLESGIPARFSGSGSGTDFTLNIHPVEEEDAATYFCQQSNEDPYTFGGGTKLEIKRADAAPTVSIFPPSSEQLTSGGASVVCFLNNFYPKDINVKWKIDGSERQNGVLNSWTDQDSKDSTYSMSSTLTLTKDEYERHNSYTCEATHKTSTSPIVKSFNR,D,ok,K,mouse,IGKV3-4*01,mouse,0.9375,IGKJ2*01,mouse,1.0,DIVLTQSPASLAVSLGQRATISCKASQSVDF--DGYNYLNWYQQKPGQPPKLLIYAA-------SNLESGIP-ARFSGSG--SGTDFTLNIHPVEEEDAATYFCQQSNE----DPYTFGGGTKLEIK,DIVLTQSPASLAVSLGQRATISCKAS,QSVDFDGYNY,LNWYQQKPGQPPKLLIY,AAS,NLESGIPARFSGSGSGTDFTLNIHPVEEEDAATYFC,QQSNEDPYT,FGGGTKLEIK
8GV5,D,107,EIVLTQSPSSVSASVGDRVTITCRATQGISSWLAWYQQKPGKPPKLLIFGASSLQSGVPSRFSGSGSGTDFTLTISSLQPEDFATYFCQQAHSFPLTFGGGTKVEIK,D,ok,K,human,IGKV1-12*01,human,0.9021739130434783,IGKJ4*01,human,1.0,EIVLTQSPSSVSASVGDRVTITCRATQGI------SSWLAWYQQKPGKPPKLLIFGA-------SSLQSGVP-SRFSGSG--SGTDFTLTISSLQPEDFATYFCQQAHS----FPLTFGGGTKVEIK,EIVLTQSPSSVSASVGDRVTITCRAT,QGISSW,LAWYQQKPGKPPKLLIF,GAS,SLQSGVPSRFSGSGSGTDFTLTISSLQPEDFATYFC,QQAHSFPLT,FGGGTKVEIK
4HKX,E,212,APLQLGNCSVAGWILGNPECELLISRESWSYIVEKPNPENGTCYPGHFADYEELREQLSSVSSFERFEIFPKESSWPNHTTTGVSASCSHNGESSFYKNLLWLTGKNGLYPNLSKSYANNKEKEVLVLWGVHHPPNIGDQRALYHTENAYVSVVSSHYSRKFTPEIAKRPKVRDQEGRINYYWTLLEPGDTIIFEANGNLIAPRYAFALSRG,E,no_hit,,,,,,,,,,,,,,,,
4HKX,E,212,APLQLGNCSVAGWILGNPECELLISRESWSYIVEKPNPENGTCYPGHFADYEELREQLSSVSSFERFEIFPKESSWPNHTTTGVSASCSHNGESSFYKNLLWLTGKNGLYPNLSKSYANNKEKEVLVLWGVHHPPNIGDQRALYHTENAYVSVVSSHYSRKFTPEIAKRPKVRDQEGRINYYWTLLEPGDTIIFEANGNLIAPRYAFALSRG,E,no_hit,,,,,,,,,,,,,,,,
4HKX,E,212,APLQLGNCSVAGWILGNPECELLISRESWSYIVEKPNPENGTCYPGHFADYEELREQLSSVSSFERFEIFPKESSWPNHTTTGVSASCSHNGESSFYKNLLWLTGKNNLYPNLSKSYANNKEKEVLVLWGVHHPPNIGDQRALYHTENAYVSVVSSHYSRKFTPEIAKRPKVRDQEGRINYYWTLLEPGDTIIFEANGNLIAPRYAFALSRG,E,no_hit,,,,,,,,,,,,,,,,
4HKX,E,212,APLQLGNCSVAGWILGNPECELLISRESWSYIVEKPNPENGTCYPGHFADYEELREQLSSVSSFERFEIFPKESSWPNHTTTGVSASCSHNGESSFYKNLLWLTGKNDLYPNLSKSYANNKEKEVLVLWGVHHPPNIGDQRALYHTENAYVSVVSSHYSRKFTPEIAKRPKVRDQEGRINYYWTLLEPGDTIIFEANGNLIAPRYAFALSRG,E,no_hit,,,,,,,,,,,,,,,,
4HKX,E,212,APLQLGNCSVAGWILGNPECELLISRESWSYIVEKPNPENGTCYPGHFADYEELREQLSSVSSFERFEIFPKESSWPNHTTTGVSASCSHNGESSFYKNLLWLTGKNGLYPNLSKSYANNKEKEVLVLWGVHHPPNIGDQRALYHTENAYVSVVSSHYSRKFTPEIAKRPKVRDQEGRINYYWTLLEPGDTIIFEANGNLIAPRYAFALSRG,E,no_hit,,,,,,,,,,,,,,,,
4HKX,E,212,APLQLGNCSVAGWILGNPECELLISRESWSYIVEKPNPENGTCYPGHFADYEELREQLSSVSSFERFEIFPKESSWPNHTTTGVSASCSHNGESSFYKNLLWLTGKNKLYPNLSKSYANNKEKEVLVLWGVHHPPNIGDQRALYHTENAYVSVVSSHYSRKFTPEIAKRPKVRDQEGRINYYWTLLEPGDTIIFEANGNLIAPRYAFALSRG,E,no_hit,,,,,,,,,,,,,,,,
4HKX,E,212,APLQLGNCSVAGWILGNPECELLISRESWSYIVEKPNPENGTCYPGHFADYEELREQLSSVSSFERFEIFPKESSWPNHTTTGVSASCSHNGESSFYKNLLWLTGKNSLYPNLSKSYANNKEKEVLVLWGVHHPPNIGDQRALYHTENAYVSVVSSHYSRKFTPEIAKRPKVRDQEGRINYYWTLLEPGDTIIFEANGNLIAPRYAFALSRG,E,no_hit,,,,,,,,,,,,,,,,
4YJZ,E,212,APLQLGNCSVAGWILGNPECELLISRESWSYIVEKPNPENGTCYPGHFADYEELREQLSSVSSFERFEIFPKESSWPNHTTTGVSASCSHNGESSFYKNLLWLTGKNGLYPNLSKSYANNKEKEVLVLWGVHHPPNIGDQRALYHTENAYVSVVSSHYSRKFTPEIAKRPKVRDQEGRINYYWTLLEPGDTIIFEANGNLIAPRYAFALSRG,E,no_hit,,,,,,,,,,,,,,,,
5UJZ,E,496,EDTICIGYHANNSTDTVDTVLEKNVTVTHSVNLLEDSHNGKLCLLKGIAPLQLGNCSVAGWILGNPECELLISRESWSYIVEKPNPENGTCYPGHFADYEELREQLSSVSSFERFEIFPKESSWPNHTTTGVSASCSHNGESSFYKNLLWLTGKNGLYPNLSKSYANNKEKEVLVLWGVHHPPNIGDQRALYHTENAYVSVVSSHYSRKFTPEIAKRPKVRDREGRINYYWTLLEPGDTIIFEANGNLIAPRYAFALSRGFGSGIINSNAPMDECDAKCQTPQGAINSSLPFQNVHPVTIGECPKYVRSAKLRMVTGLRNIPSGLFGAIAGFIEGGWTGMVDGWYGYHHQNEQGSGYAADQKSTQNAINGITNKVNSVIEKMNTQFTAVGKEFNKLERRMENLNKKVDDGFIDIWTYNAELLVLLENERTLDFHDSNVKNLYEKVKSQLKNNAKEIGNGCFEFYHKCNDECMESVKNGTYDYPKYSEESKLNREKI,E,no_hit,,,,,,,,,,,,,,,,
5XHV,E,283,NLLEDKHNGKLCKLRGVAPLHLGKCNIAGWILGNPECESLSTASSWSYIVETPSSDNGTCYPGDFIDYEELREQLSSVSSFERFEIFPKTSSWPNHDSNKGVTAACPHAGAKSFYKNLIWLVKKGNSYPKLSKSYINDKGKEVLVLWGIHHPSTSADQQSLYQNADAYVFVGSSRYSKKFKPEIAIRPKVRDQEGRMNYYWTLVEPGDKITFEATGNLVVPRYAFAMERNAGSGIIISDTPVHDCNTTCQTPKGAINTSLPFQNIHPITIGKCPKYVKSTKLR,E,no_hit,,,,,,,,,,,,,,,,
6OC3,E,212,APLQLGNCSVAGWILGNPECELLISRESWSYIVEKPNPENGTCYPGHFADYEELREQLSSVSSFERFEIFPKESSWPNHTTTGVSASCSHNGESSFYKNLLWLTGKNGLYPNLSKSYANNKEKEVLVLWGVHHPPNIGDQRALYHKENAYVSVVSSHYSRKFTPEIAKRPKVRDQEGRINYYWTLLEPGDTIIFEANGNLIAPRYAFALSRG,E,no_hit,,,,,,,,,,,,,,,,
6URM,E,208,SYELTQPLSVSVALGQTARITCGGNNIGIKNVHWYQQRPGQAPVLVIYTDINRPSGIPERFSGSNSGNTATLIISKAQAGDEADYFCQVWDSNTVVFGGGTKLTVSQPKAAPSVTLFPPSSEELQANKATLVCLISDFYPGAVTVAWKADSSPVKAGVETTTPSKQSNNKYAASSYLSLTPEQWKSHKSYSCQVTHEGSTVEKTVAPT,E,ok,L,human,IGLV3-9*01,human,0.9230769230769231,IGLJ2*01,human,0.9166666666666666,SYELTQPLS-VSVALGQTARITCGGNNIG------IKNVHWYQQRPGQAPVLVIYTD-------INRPSGIP-ERFSGSN--SGNTATLIISKAQAGDEADYFCQVWDS----NTVVFGGGTKLTVS,SYELTQPLSVSVALGQTARITCGGN,NIGIKN,VHWYQQRPGQAPVLVIY,TDI,NRPSGIPERFSGSNSGNTATLIISKAQAGDEADYFC,QVWDSNTVV,FGGGTKLTVS
6XQ4,E,220,EVQLVESGGGLVQPGGSLRLSCAASGFTVSRNYMSWVRQAPGKGLEWVSIIYSGDDTYYADSVKGRFTISRDNSKNTLYLEMRAEDTAVYYCARGEMGDGYYWAPFDYWGQGTLVTVSGASTKGPSVFPLAPSSKSTSGGTAALGCLVKDYFPEPVTVSWNSGALTSGVHTFPAVLQSSGLYSLSSVVTVPSSSLGTQTYICNVNHKPSNTKVDKRVEPK,E,ok,H,human,IGHV3-66*01,human,0.9175257731958762,IGHJ4*01,human,0.9285714285714286,EVQLVESGG-GLVQPGGSLRLSCAASGFTV----SRNYMSWVRQAPGKGLEWVSIIYSG---DDTYYADSVK-GRFTISRDNSKNTLYLEM---RAEDTAVYYCARGEMGDGYYWAPFDYWGQGTLVTVSG,EVQLVESGGGLVQPGGSLRLSCAAS,GFTVSRNY,MSWVRQAPGKGLEWVSI,IYSGDDT,YYADSVKGRFTISRDNSKNTLYLEMRAEDTAVYYC,ARGEMGDGYYWAPFDY,WGQGTLVTVSG
6XQ4,F,218,DIVMTQSPDSLAVSLGERATINCKSSQSLLYSSRNKNYLAWYQQKPGQPPKLLIYWASTRESGVPDRLSGSGSGTDFTLTISSLQAEDVAVYYCQQYYSIPLTFGGGTKVEIKRTVAAPSVFIFPPSDEQLKSGTASVVCLLNNFYPREAKVQWKVDNALQSGNSQESVTEQDSKDSTYSLSSTLTLSKADYEKHKVYACEVTHQGLSSPVTKSFNRG,F,ok,K,human,IGKV4-1*01,human,0.9693877551020408,IGKJ4*01,human,1.0,DIVMTQSPDSLAVSLGERATINCKSSQSLLYSSRNKNYLAWYQQKPGQPPKLLIYWA-------STRESGVP-DRLSGSG--SGTDFTLTISSLQAEDVAVYYCQQYYS----IPLTFGGGTKVEIK,DIVMTQSPDSLAVSLGERATINCKSS,QSLLYSSRNKNY,LAWYQQKPGQPPKLLIY,WAS,TRESGVPDRLSGSGSGTDFTLTISSLQAEDVAVYYC,QQYYSIPLT,FGGGTKVEIK
7X6O,F,486,SDTLCIGYHANNSTDTVDTVLEKNVTVTHSVNLLEDKHNGKLCKLRGVAPLHLGKCNIAGWILGNPECESLSTASSWSYIVETSSSDNGTCYPGDFIDYEELREQLSSVSSFERFEIFPKTSSWPNHDSNKGVTAACPHAGAKGFYKNLIWLVKKGNSYPKLSKSYINDKGKEVLVLWGIHHPSTTADQQSLYQNADTYVFVGTSRYSKKFKPEIAIRPKVRDQEGRMNYYWTLVEPGDKITFEATGNLVVPRYAFAMERNSGIIISDTPVHDCNTTCQTPKGAINTSLPFQNIHPITIGKCPKYVKSTKLRLATGLRNVPAIAGFIEGGWTGMVDGWYGYHHQNEQGSGYAADLKSTQNAIDKITNKVNSVIEKMNTQFTAVGKEFNHLEKRIENLNKKVDDGFLDIWTYNAELLVLLENERTLDYHDSNVKNLYEKVRNQLKNNAKEIGNGCFEFYHKCDNTCMESVKNGTYDYPKYSEEAKLN,F,no_hit,,,,,,,,,,,,,,,,
7YHK,F,116,QIQLVQSGPELKKPGETVRISCKASGYTFTKNGMNWVQQAPGKGLKWVGWINTYTGEPSYADDFKGRFAFSLETSASTAYLQINNLKNEDMAAYFCARMVRDAMDFWGQGTSVTVS,F,ok,H,mouse,IGHV9-1*02,mouse,0.9285714285714286,IGHJ4*01,mouse,0.8571428571428571,QIQLVQSGP-ELKKPGETVRISCKASGYTF----TKNGMNWVQQAPGKGLKWVGWINTY--TGEPSYADDFK-GRFAFSLETSASTAYLQINNLKNEDMAAYFCARMVR---DAMDFWGQGTSVTVS,QIQLVQSGPELKKPGETVRISCKAS,GYTFTKNG,MNWVQQAPGKGLKWVGW,INTYTGEP,SYADDFKGRFAFSLETSASTAYLQINNLKNEDMAAYFC,ARMVRDAMDF,WGQGTSVTVS
7MEM,G,111,VQLLESGGGLVQPGGSLSLSCAASGFTFSSFAMSWVRQAPVKGLEWVSMISGGGNTYYADSVKGRFTISRDNSKSTLYLQMTAEDTAVYYCAKSDSSGFEFWGQGTLVTVS,G,ok,H,human,IGHV3-23*01,human,0.8673469387755102,IGHJ5*01,human,0.7857142857142857,-VQLLESGG-GLVQPGGSLSLSCAASGFTF----SSFAMSWVRQAPVKGLEWVSMISGG---GNTYYADSVK-GRFTISRDNSKSTLYLQM---TAEDTAVYYCAKSDS---SGFEFWGQGTLVTVS,VQLLESGGGLVQPGGSLSLSCAAS,GFTFSSFA,MSWVRQAPVKGLEWVSM,ISGGGNT,YYADSVKGRFTISRDNSKSTLYLQMTAEDTAVYYC,AKSDSSGFEF,WGQGTLVTVS
7MEM,G,111,VQLLESGGGLVQPGGSLSLSCAASGFTFSSFAMSWVRQAPVKGLEWVSMISGGGNTYYADSVKGRFTISRDNSKSTLYLQMTAEDTAVYYCAKSDSSGFEFWGQGTLVTVS,G,ok,H,human,IGHV3-23*01,human,0.8673469387755102,IGHJ5*01,human,0.7857142857142857,-VQLLESGG-GLVQPGGSLSLSCAASGFTF----SSFAMSWVRQAPVKGLEWVSMISGG---GNTYYADSVK-GRFTISRDNSKSTLYLQM---TAEDTAVYYCAKSDS---SGFEFWGQGTLVTVS,VQLLESGGGLVQPGGSLSLSCAAS,GFTFSSFA,MSWVRQAPVKGLEWVSM,ISGGGNT,YYADSVKGRFTISRDNSKSTLYLQMTAEDTAVYYC,AKSDSSGFEF,WGQGTLVTVS
3GBN,H,152,EVQLVESGAEVKKPGSSVKVSCKASGGPFRSYAISWVRQAPGQGPEWMGGIIIFGTTKYAPKFQGRVTITADDFAGTVYMELRSEDTAMYYCAKHMGYQVDVWGKGTTVTVSSASTKGPSVFPLGCLVKDYFPEPVTTFPAVLQSSGLYSLS,H,ok,H,human,IGHV1-69*01,human,0.7857142857142857,IGHJ6*03,human,0.9285714285714286,EVQLVESGA-EVKKPGSSVKVSCKASGGPF----RSYAISWVRQAPGQGPEWMGGIIIF---GTTKYAPKFQ-GRVTITADDFAGTVYMEL---RSEDTAMYYCAKHMG---YQVDVWGKGTTVTVSS,EVQLVESGAEVKKPGSSVKVSCKAS,GGPFRSYA,ISWVRQAPGQGPEWMGG,IIIFGTT,KYAPKFQGRVTITADDFAGTVYMELRSEDTAMYYC,AKHMGYQVDV,WGKGTTVTVSS
3LZF,H,202,VQLVESGPALVKPTQTLTLTCSFSGFSLSTSGMSWIRQPPGKALEWLALIDDDDTYYITYSLKTRLTISKDTSKSQVVLTMDPVDTATYYCARTLRVSGDLWGRGTLVTVSSASTKGPSVFPLAPTAALGCLVKDYFPEPVTVSWNSGALTSGVHTFPAVLQSSGLYSLSSVVTVPSSSLGTQTYICNVNHKPSNTKVDKRV,H,ok,H,human,IGHV2-70*01,human,0.79,IGHJ2*01,human,0.9285714285714286,-VQLVESGP-ALVKPTQTLTLTCSFSGFSL----STSGMSWIRQPPGKALEWLALIDDD---DTYYITYSLK-TRLTISKDTSKSQVVLTM---DPVDTATYYCARTLR---VSGDLWGRGTLVTVSS,VQLVESGPALVKPTQTLTLTCSFS,GFSLSTSG,MSWIRQPPGKALEWLAL,IDDDDTY,YITYSLKTRLTISKDTSKSQVVLTMDPVDTATYYC,ARTLRVSGDL,WGRGTLVTVSS
3ZTN,H,157,QVQLVESGGGVVQPGRSLRLSCAASGFTFSTYAMHWVRQAPGKGLEWVAVISDANYKYYADSVKGRFTISRDNSKNTLYLQMRAEDTAVYYCAKDSQLRSDYWGQGTLVTVSSASTKGPSCLVKDYFPEPTFPAVLQSSGLYSLSSVVNHKPSNTKV,H,ok,H,human,IGHV3-30-3*02,human,0.9081632653061225,IGHJ4*01,human,0.9285714285714286,QVQLVESGG-GVVQPGRSLRLSCAASGFTF----STYAMHWVRQAPGKGLEWVAVISDA---NYKYYADSVK-GRFTISRDNSKNTLYLQM---RAEDTAVYYCAKDSQ---LRSDYWGQGTLVTVSS,QVQLVESGGGVVQPGRSLRLSCAAS,GFTFSTYA,MHWVRQAPGKGLEWVAV,ISDANYK,YYADSVKGRFTISRDNSKNTLYLQMRAEDTAVYYC,AKDSQLRSDY,WGQGTLVTVSS
4M5Z,H,209,EVQLVESGPGLVKPSDILSLTCAVSGYSISSNYYWWIRQPPGKGLEWIGSIYHSGSTYYKPSLESRLGISVDTSKNQFSLKLSAADTAVYYCARHVRSGYDKWGQGTLVTVSSASTKGPSVFPLAPSGTAALGCLVKDYFPEPVTVSWNSGALTSGVHTFPAVLQSSGLYSLSSVVTVPSSSLGTQTYICNVNHKPSNTKVDKRVEPKS,H,ok,H,human,IGHV4-38-2*01,human,0.8367346938775511,IGHJ5*01,human,0.8571428571428571,EVQLVESGP-GLVKPSDILSLTCAVSGYSI----SSNYYWWIRQPPGKGLEWIGSIYHS---GSTYYKPSLE-SRLGISVDTSKNQFSLKLS---AADTAVYYCARHVR---SGYDKWGQGTLVTVSS,EVQLVESGPGLVKPSDILSLTCAVS,GYSISSNY,YWWIRQPPGKGLEWIGS,IYHSGST,YYKPSLESRLGISVDTSKNQFSLKLSAADTAVYYC,ARHVRSGYDK,WGQGTLVTVSS
5GJS,H,211,QVQLQESGPGLVKPSETLSLTCSVSGASISSYYWIWIRQPAKGLEWIGRFYTSGSPNYNPSLRSRVTMSVDTSKNQFSLKLTSVTAADTAVYYCAREEHITFGGVIVRYWGQGTLVTVSPASTKGPSVFPLAPTAALGCLVKDYFPEPVTVSWNSGALTSGVHTFPAVLQSSGLYSLSSVVTVPSSSLGQTYICNVNHKPSNTKVDKKVEP,H,ok,H,human,IGHV4-4*07,human,0.8969072164948454,IGHJ4*01,human,0.7857142857142857,QVQLQESGP-GLVKPSETLSLTCSVSGASI----SSYYWIWIRQ-PAKGLEWIGRFYTS---GSPNYNPSLR-SRVTMSVDTSKNQFSLKLTSVTAADTAVYYCAREEHITFGGVIVRYWGQGTLVTVSP,QVQLQESGPGLVKPSETLSLTCSVS,GASISSYY,WIWIRQPAKGLEWIGR,FYTSGSP,NYNPSLRSRVTMSVDTSKNQFSLKLTSVTAADTAVYYC,AREEHITFGGVIVRY,WGQGTLVTVSP
5K9O,H,221,QVQLVQSGAEVKKPGASVKVSCKASGYSFSSYGISWVRQAPGQGLEWMGWISAYNGNTNYAQKLQGRVTMTTDTSTSTAYMELRSLRSDDTAVFYCARDRPHILTGFDFDYWGQGTLVTSTKGPSVFPLAPSSKSTSGGTAALGCLVKDYFPEPVTVSWNSGALTSGVHTFPAVLQSSGLYSLSSVVTVPSSSLGTQTYICNVNHKPSNTKVDKKVEPKSC,H,ok,H,human,IGHV1-18*01,human,0.9693877551020408,IGHJ4*01,human,0.7857142857142857,QVQLVQSGA-EVKKPGASVKVSCKASGYSF----SSYGISWVRQAPGQGLEWMGWISAY--NGNTNYAQKLQ-GRVTMTTDTSTSTAYMELRSLRSDDTAVFYCARDRPHILTGFDFDYWGQGTLVTSTK,QVQLVQSGAEVKKPGASVKVSCKAS,GYSFSSYG,ISWVRQAPGQGLEWMGW,ISAYNGNT,NYAQKLQGRVTMTTDTSTSTAYMELRSLRSDDTAVFYC,ARDRPHILTGFDFDY,WGQGTLVTSTK
5W6G,H,225,QVQLQESGPGLVKTSETLSLTCTVSGGSIKNKDFFWAWIRQPPGKALEWIGSVFYSGGAYYNWSLRNRVTMSADTSKNQFSLKMTSVTASDTSFYYCATSYVDNWHAGLHWFDSWGRGTLVTVSGASTKGPSVFPLAPSSKSTSGGTVALGCLVKDYFPEPVTVSWNSGALTSGVHTFPAVLQSSGLYSLSSVVTVPSSSLGTQTYICNVNHKPSNTKVDKRVEP,H,ok,H,human,IGHV4-59*01,human,0.7525773195876289,IGHJ2*01,human,0.8571428571428571,QVQLQESGP-GLVKTSETLSLTCTVSGGSIK--NKDFFWAWIRQPPGKALEWIGSVFYS---GGAYYNWSLR-NRVTMSADTSKNQFSLKMTSVTASDTSFYYCATSYVDNWHAGLHWFDSWGRGTLVTVSG,QVQLQESGPGLVKTSETLSLTCTVS,GGSIKNKDFF,WAWIRQPPGKALEWIGS,VFYSGGA,YYNWSLRNRVTMSADTSKNQFSLKMTSVTASDTSFYYC,ATSYVDNWHAGLHWFDS,WGRGTLVTVSG
5XHV,H,223,EVQLVESGGGLVQPGGSLRLSCAASGFTIGDFGIHWVRQAPGKGLEWVAGIWPFGGYTYYADSVKGRFTISADTSKNTAYLQMNSLRAEDTAVYYCARFVNWDGDYMDYWGQGTLVTVSSASTKGPSVFPLAPSSKSTSGGTAALGCLVKDYFPEPVTVSWNSGALTSGVHTFPAVLQSSGLYSLSSVVTVPSSSLGTQTYICNVNHKPSNTKVDKKAEPKSC,H,ok,H,human,IGHV3-66*01,human,0.8350515463917526,IGHJ4*01,human,0.9285714285714286,EVQLVESGG-GLVQPGGSLRLSCAASGFTI----GDFGIHWVRQAPGKGLEWVAGIWPF--GGYTYYADSVK-GRFTISADTSKNTAYLQMNSLRAEDTAVYYCARFVNWDGDYMDYWGQGTLVTVSS,EVQLVESGGGLVQPGGSLRLSCAAS,GFTIGDFG,IHWVRQAPGKGLEWVAG,IWPFGGYT,YYADSVKGRFTISADTSKNTAYLQMNSLRAEDTAVYYC,ARFVNWDGDYMDY,WGQGTLVTVSS
6ML8,H,202,EVQLQESGGGLVQPGESLRLSCVGSGSTLSYYAVSWVRQAPGKGLEWLSIINGGGDIDYADSVEGRFTISRDNSKETLYLQMRVEDTGVYYCAKHMSMQQDVWGQGTMVTVSSASTKGPSVFPLAPTAALGCLVKDYFPEPVTVSWNSGALTSGVHTFPAVLQSSGLYSLSSVVTVPSSSLTYICNVNHKPSNTKVDKRVEP,H,ok,H,human,IGHV3-23*01,human,0.7653061224489796,IGHJ3*01,human,0.9285714285714286,EVQLQESGG-GLVQPGESLRLSCVGSGSTL----SYYAVSWVRQAPGKGLEWLSIINGG---GDIDYADSVE-GRFTISRDNSKETLYLQM---RVEDTGVYYCAKHMS---MQQDVWGQGTMVTVSS,EVQLQESGGGLVQPGESLRLSCVGS,GSTLSYYA,VSWVRQAPGKGLEWLSI,INGGGDI,DYADSVEGRFTISRDNSKETLYLQMRVEDTGVYYC,AKHMSMQQDV,WGQGTMVTVSS
6Q0E,H,231,QVQLQESGPGLVKPSGTLSLTCAVSGGSISSSNWWSWVRQPPGKGLEWIGEIYHSGSTNYNPSLKSRVTISVDKSKNQFSLKLSSVTAADTAVYYCARAPPYCSSTSCPDDYYYYYMDVWGKGTTVTVSGASTKGPSVFPLAPSSKSTSGGTAALGCLVKDYFPEPVTVSWNSGALTSGVHTFPAVLQSSGLYSLSSVVTVPSSSLGTQTYICNVNHKPSNTKVDKRVEPK,H,ok,H,human,IGHV4-4*02,human,1.0,IGHJ6*03,human,0.9285714285714286,QVQLQESGP-GLVKPSGTLSLTCAVSGGSIS---SSNWWSWVRQPPGKGLEWIGEIYHS---GSTNYNPSLK-SRVTISVDKSKNQFSLKLSSVTAADTAVYYCARAPPYCSSTSCPDDYYYYYMDVWGKGTTVTVSG,QVQLQESGPGLVKPSGTLSLTCAVS,GGSISSSNW,WSWVRQPPGKGLEWIGE,IYHSGST,NYNPSLKSRVTISVDKSKNQFSLKLSSVTAADTAVYYC,ARAPPYCSSTSCPDDYYYYYMDV,WGKGTTVTVSG
6Q0H,H,232,QVQLQESGPGLVKPSGTLSLTCAVSGGSISSSNWWSWVRQPPGKGLEWIGEIYHGGSTNYNPSLKSRVTISVDKSKNQFSLKLSSVTAADTAVYYCARAPPYCTSASCPDDYYYYYMDVWGKGTTVTVSGASTKGPSVFPLAPSSKSTSGGTAALGCLVKDYFPEPVTVSWNSGALTSGVHTFPAVLQSSGLYSLSSVVTVPSSSLGTQTYICNVNHKPSNTKVDKRVEPKS,H,ok,H,human,IGHV4-4*02,human,0.9897959183673469,IGHJ6*03,human,0.9285714285714286,QVQLQESGP-GLVKPSGTLSLTCAVSGGSIS---SSNWWSWVRQPPGKGLEWIGEIYHG---GSTNYNPSLK-SRVTISVDKSKNQFSLKLSSVTAADTAVYYCARAPPYCTSASCPDDYYYYYMDVWGKGTTVTVSG,QVQLQESGPGLVKPSGTLSLTCAVS,GGSISSSNW,WSWVRQPPGKGLEWIGE,IYHGGST,NYNPSLKSRVTISVDKSKNQFSLKLSSVTAADTAVYYC,ARAPPYCTSASCPDDYYYYYMDV,WGKGTTVTVSG
6Q0I,H,231,QVQLQESGPGLVKPSGTLSLTCAVSGGSISSSNWWSWVRQPPGKGLEWIGEIYHGGSTNYNPSLKSRVTISVDKSKNQFSLKLSSVTAADTAVYYCARAPPYCTSASCPDDYYYYYMDVWGKGTTVTVSGASTKGPSVFPLAPSSKSTSGGTAALGCLVKDYFPEPVTVSWNSGALTSGVHTFPAVLQSSGLYSLSSVVTVPSSSLGTQTYICNVNHKPSNTKVDKRVEPK,H,ok,H,human,IGHV4-4*02,human,0.9897959183673469,IGHJ6*03,human,0.9285714285714286,QVQLQESGP-GLVKPSGTLSLTCAVSGGSIS---SSNWWSWVRQPPGKGLEWIGEIYHG---GSTNYNPSLK-SRVTISVDKSKNQFSLKLSSVTAADTAVYYCARAPPYCTSASCPDDYYYYYMDVWGKGTTVTVSG,QVQLQESGPGLVKPSGTLSLTCAVS,GGSISSSNW,WSWVRQPPGKGLEWIGE,IYHGGST,NYNPSLKSRVTISVDKSKNQFSLKLSSVTAADTAVYYC,ARAPPYCTSASCPDDYYYYYMDV,WGKGTTVTVSG
6Q0I,H,231,QVQLQESGPGLVKPSGTLSLTCAVSGGSISSSNWWSWVRQPPGKGLEWIGEIYHGGSTNYNPSLKSRVTISVDKSKNQFSLKLSSVTAADTAVYYCARAPPYCTSASCPDDYYYYYMDVWGKGTTVTVSGASTKGPSVFPLAPSSKSTSGGTAALGCLVKDYFPEPVTVSWNSGALTSGVHTFPAVLQSSGLYSLSSVVTVPSSSLGTQTYICNVNHKPSNTKVDKRVEPK,H,ok,H,human,IGHV4-4*02,human,0.9897959183673469,IGHJ6*03,human,0.9285714285714286,QVQLQESGP-GLVKPSGTLSLTCAVSGGSIS---SSNWWSWVRQPPGKGLEWIGEIYHG---GSTNYNPSLK-SRVTISVDKSKNQFSLKLSSVTAADTAVYYCARAPPYCTSASCPDDYYYYYMDVWGKGTTVTVSG,QVQLQESGPGLVKPSGTLSLTCAVS,GGSISSSNW,WSWVRQPPGKGLEWIGE,IYHGGST,NYNPSLKSRVTISVDKSKNQFSLKLSSVTAADTAVYYC,ARAPPYCTSASCPDDYYYYYMDV,WGKGTTVTVSG
6Q0I,H,231,QVQLQESGPGLVKPSGTLSLTCAVSGGSISSSNWWSWVRQPPGKGLEWIGEIYHGGSTNYNPSLKSRVTISVDKSKNQFSLKLSSVTAADTAVYYCARAPPYCTSASCPDDYYYYYMDVWGKGTTVTVSGASTKGPSVFPLAPSSKSTSGGTAALGCLVKDYFPEPVTVSWNSGALTSGVHTFPAVLQSSGLYSLSSVVTVPSSSLGTQTYICNVNHKPSNTKVDKRVEPK,H,ok,H,human,IGHV4-4*02,human,0.9897959183673469,IGHJ6*03,human,0.9285714285714286,QVQLQESGP-GLVKPSGTLSLTCAVSGGSIS---SSNWWSWVRQPPGKGLEWIGEIYHG---GSTNYNPSLK-SRVTISVDKSKNQFSLKLSSVTAADTAVYYCARAPPYCTSASCPDDYYYYYMDVWGKGTTVTVSG,QVQLQESGPGLVKPSGTLSLTCAVS,GGSISSSNW,WSWVRQPPGKGLEWIGE,IYHGGST,NYNPSLKSRVTISVDKSKNQFSLKLSSVTAADTAVYYC,ARAPPYCTSASCPDDYYYYYMDV,WGKGTTVTVSG
6Q0I,H,231,QVQLQESGPGLVKPSGTLSLTCAVSGGSISSSNWWSWVRQPPGKGLEWIGEIYHGGSTNYNPSLKSRVTISVDKSKNQFSLKLSSVTAADTAVYYCARAPPYCTSASCPDDYYYYYMDVWGKGTTVTVSGASTKGPSVFPLAPSSKSTSGGTAALGCLVKDYFPEPVTVSWNSGALTSGVHTFPAVLQSSGLYSLSSVVTVPSSSLGTQTYICNVNHKPSNTKVDKRVEPK,H,ok,H,human,IGHV4-4*02,human,0.9897959183673469,IGHJ6*03,human,0.9285714285714286,QVQLQESGP-GLVKPSGTLSLTCAVSGGSIS---SSNWWSWVRQPPGKGLEWIGEIYHG---GSTNYNPSLK-SRVTISVDKSKNQFSLKLSSVTAADTAVYYCARAPPYCTSASCPDDYYYYYMDVWGKGTTVTVSG,QVQLQESGPGLVKPSGTLSLTCAVS,GGSISSSNW,WSWVRQPPGKGLEWIGE,IYHGGST,NYNPSLKSRVTISVDKSKNQFSLKLSSVTAADTAVYYC,ARAPPYCTSASCPDDYYYYYMDV,WGKGTTVTVSG
6Q0L,H,233,QVQLQESGPGLVKPSGTLSLTCAVSGGSISSSNWWSWVRQPPGKGLEWIGEIYHGGSTNYNPSLKSRVTISVDKSKNQFSLKLSSVTAADTAVYYCARAPPYCTSASCPDDYYYYYMDVWGKGTTVTVSGASTKGPSVFPLAPSSKSTSGGTAALGCLVKDYFPEPVTVSWNSGALTSGVHTFPAVLQSSGLYSLSSVVTVPSSSLGTQTYICNVNHKPSNTKVDKRVEPKSC,H,ok,H,human,IGHV4-4*02,human,0.9897959183673469,IGHJ6*03,human,0.9285714285714286,QVQLQESGP-GLVKPSGTLSLTCAVSGGSIS---SSNWWSWVRQPPGKGLEWIGEIYHG---GSTNYNPSLK-SRVTISVDKSKNQFSLKLSSVTAADTAVYYCARAPPYCTSASCPDDYYYYYMDVWGKGTTVTVSG,QVQLQESGPGLVKPSGTLSLTCAVS,GGSISSSNW,WSWVRQPPGKGLEWIGE,IYHGGST,NYNPSLKSRVTISVDKSKNQFSLKLSSVTAADTAVYYC,ARAPPYCTSASCPDDYYYYYMDV,WGKGTTVTVSG
6Q18,H,231,QVQLQESGPGLVKPSGTLSLTCAISGGSISSSNWWTWVRQPPGKGLQWIGEIQHGGGTNYNPSLKSRATIFVDVSKNHFSLRLSSVTAADTAVYYCAKVPPYCTSASCPDDYYYHYMDVWGKGTTVTVSGASTKGPSVFPLAPSSKSTSGGTAALGCLVKDYFPEPVTVSWNSGALTSGVHTFPAVLQSSGLYSLSSVVTVPSSSLGTQTYICNVNHKPSNTKVDKRVEPK,H,ok,H,human,IGHV4-4*02,human,0.8775510204081632,IGHJ6*03,human,0.9285714285714286,QVQLQESGP-GLVKPSGTLSLTCAISGGSIS---SSNWWTWVRQPPGKGLQWIGEIQHG---GGTNYNPSLK-SRATIFVDVSKNHFSLRLSSVTAADTAVYYCAKVPPYCTSASCPDDYYYHYMDVWGKGTTVTVSG,QVQLQESGPGLVKPSGTLSLTCAIS,GGSISSSNW,WTWVRQPPGKGLQWIGE,IQHGGGT,NYNPSLKSRATIFVDVSKNHFSLRLSSVTAADTAVYYC,AKVPPYCTSASCPDDYYYHYMDV,WGKGTTVTVSG
6XGC,H,125,EVQLVESGGGLAKPGGSLRLSCAASGFTFSTYAMHWVRQAPGKGLEWISGINSGGGSTWYTASVKGRFTISRDNSKSTLSLQMNSLRTEDTAVYYCAKDGGNAIFGLVITNYGLDSWGQGAVVTV,H,ok,H,human,IGHV3-23*03,human,0.8469387755102041,IGHJ5*01,human,0.6428571428571429,EVQLVESGG-GLAKPGGSLRLSCAASGFTF----STYAMHWVRQAPGKGLEWISGINSG--GGSTWYTASVK-GRFTISRDNSKSTLSLQMNSLRTEDTAVYYCAKDGGNAIFGLVITNYGLDSWGQGAVVTV,EVQLVESGGGLAKPGGSLRLSCAAS,GFTFSTYA,MHWVRQAPGKGLEWISG,INSGGGST,WYTASVKGRFTISRDNSKSTLSLQMNSLRTEDTAVYYC,AKDGGNAIFGLVITNYGLDS,WGQGAVVTV
7JIX,H,219,EVQLQESGPELVKPGASVKISCKASGYAFSRSWMNWVKQRPGKGLEWIGRIYPGDGDTNYNGKFKGKATLTADKSSSTAYMQLSSLTSEDSAVYFCARGSNSFAYWGQGTLVTVSGAKTTPPSVYPLAPGSAAQTNSMVTLGCLVKGYFPEPVTVTWNSGSLSSGVHTFPAVLQSDLYTLSSSVTVPSSTWPSETVTCNVAHPASSTKVDKKIVPRDCG,H,ok,H,mouse,IGHV1-82*01,mouse,0.9693877551020408,IGHJ3*01,mouse,0.9285714285714286,EVQLQESGP-ELVKPGASVKISCKASGYAF----SRSWMNWVKQRPGKGLEWIGRIYPG--DGDTNYNGKFK-GKATLTADKSSSTAYMQLSSLTSEDSAVYFCARGSN----SFAYWGQGTLVTVSG,EVQLQESGPELVKPGASVKISCKAS,GYAFSRSW,MNWVKQRPGKGLEWIGR,IYPGDGDT,NYNGKFKGKATLTADKSSSTAYMQLSSLTSEDSAVYFC,ARGSNSFAY,WGQGTLVTVSG
7JIX,H,219,EVQLQESGPELVKPGASVKISCKASGYAFSRSWMNWVKQRPGKGLEWIGRIYPGDGDTNYNGKFKGKATLTADKSSSTAYMQLSSLTSEDSAVYFCARGSNSFAYWGQGTLVTVSGAKTTPPSVYPLAPGSAAQTNSMVTLGCLVKGYFPEPVTVTWNSGSLSSGVHTFPAVLQSDLYTLSSSVTVPSSTWPSETVTCNVAHPASSTKVDKKIVPRDCG,H,ok,H,mouse,IGHV1-82*01,mouse,0.9693877551020408,IGHJ3*01,mouse,0.9285714285714286,EVQLQESGP-ELVKPGASVKISCKASGYAF----SRSWMNWVKQRPGKGLEWIGRIYPG--DGDTNYNGKFK-GKATLTADKSSSTAYMQLSSLTSEDSAVYFCARGSN----SFAYWGQGTLVTVSG,EVQLQESGPELVKPGASVKISCKAS,GYAFSRSW,MNWVKQRPGKGLEWIGR,IYPGDGDT,NYNGKFKGKATLTADKSSSTAYMQLSSLTSEDSAVYFC,ARGSNSFAY,WGQGTLVTVSG
7SCN,H,118,QVQLVQSGAEVKKPGSSVKVSCTASGGTFSTYQFSWVRQAPGQGLEWMGRIVPIQGMDYAQKFRGRVTITADKWTSTVYMEVTSLRSEDTAVYYCATSRSMYFYYQLDVWGRGTTVTV,H,ok,H,human,IGHV1-69*02,human,0.8367346938775511,IGHJ6*05,human,0.7142857142857143,QVQLVQSGA-EVKKPGSSVKVSCTASGGTF----STYQFSWVRQAPGQGLEWMGRIVPI---QGMDYAQKFR-GRVTITADKWTSTVYMEVTSLRSEDTAVYYCATSRSMYFYYQLDVWGRGTTVTV,QVQLVQSGAEVKKPGSSVKVSCTAS,GGTFSTYQ,FSWVRQAPGQGLEWMGR,IVPIQGM,DYAQKFRGRVTITADKWTSTVYMEVTSLRSEDTAVYYC,ATSRSMYFYYQLDV,WGRGTTVTV
7SCO,H,119,QVQLVQSGAEVKKPGSSVKVSCKASGGTFSRYTISWVRQAPGQGLEWMGRISPIAGLENYAQKFQGRVTITADISTSTAYMELSSLRSDDTAVYYCAGSSGYYQPPPYWGQGTLVTVSS,H,ok,H,human,IGHV1-69*02,human,0.9183673469387755,IGHJ4*01,human,0.8571428571428571,QVQLVQSGA-EVKKPGSSVKVSCKASGGTF----SRYTISWVRQAPGQGLEWMGRISPI--AGLENYAQKFQ-GRVTITADISTSTAYMELSSLRSDDTAVYYCAGSSGY-YQPPPYWGQGTLVTVSS,QVQLVQSGAEVKKPGSSVKVSCKAS,GGTFSRYT,ISWVRQAPGQGLEWMGR,ISPIAGLE,NYAQKFQGRVTITADISTSTAYMELSSLRSDDTAVYYC,AGSSGYYQPPPY,WGQGTLVTVSS
7YHK,H,111,DIVLTQSPASLAVSLGQRATISCKASQSVDFDGYNYLNWYQQKPGQPPKLLIYAASNLESGIPARFSGSGSGTDFTLNIHPVEEEDAATYFCQQSNEDPYTFGGGTKLEIK,H,no_hit,,,,,,,,,,,,,,,,
8DIU,H,119,VQLVESGAEVKKPGSSVKVSCKASGGPFRSYAISWVRQAPGQGPEWMGGIIPIFGTTKYAPKFQGRVTITADDFAGTVYMELSSLRSEDTAMYYCAKHMGYQVRETMDVWGKGTTVTVS,H,ok,H,human,IGHV1-69*01,human,0.8469387755102041,IGHJ6*03,human,0.9285714285714286,-VQLVESGA-EVKKPGSSVKVSCKASGGPF----RSYAISWVRQAPGQGPEWMGGIIPI--FGTTKYAPKFQ-GRVTITADDFAGTVYMELSSLRSEDTAMYYCAKHMGYQVRETMDVWGKGTTVTVS,VQLVESGAEVKKPGSSVKVSCKAS,GGPFRSYA,ISWVRQAPGQGPEWMGG,IIPIFGTT,KYAPKFQGRVTITADDFAGTVYMELSSLRSEDTAMYYC,AKHMGYQVRETMDV,WGKGTTVTVS
4PY8,I,219,QVQLVQSGGGVVQPGRSLRLSCAASEFTFRMYATHWVRQAPGKGLEWVALISYDGSNKYYADSVKGRFTISRDNSMNTVYLQMNTLRPEDTAVYYCARDLGGYFIRGIMDVWGQGTLVTVSSASTKGPSVFPLAPSSGGTAALGCLVKDYFPEPVTVSWNSGALTSGVHTFPAVLQSSGLYSLSSVVTVPSSSLGTQTYICNVNHKPSNTKVDKRVEPK,I,ok,H,human,IGHV3-30*01,human,0.8979591836734694,IGHJ6*01,human,0.9285714285714286,QVQLVQSGG-GVVQPGRSLRLSCAASEFTF----RMYATHWVRQAPGKGLEWVALISYD--GSNKYYADSVK-GRFTISRDNSMNTVYLQMNTLRPEDTAVYYCARDLGGYFIRGIMDVWGQGTLVTVSS,QVQLVQSGGGVVQPGRSLRLSCAAS,EFTFRMYA,THWVRQAPGKGLEWVAL,ISYDGSNK,YYADSVKGRFTISRDNSMNTVYLQMNTLRPEDTAVYYC,ARDLGGYFIRGIMDV,WGQGTLVTVSS
5K9O,I,458,DTLCIGYHANNSTDTVDTVLEKNVTVTHSVNLLEDKHNGKLCKLRVAPLHLGKCNIAGWILGNPECESLSTASWSYIVETSSDNGTCYPGDFIDYEELREQLSSVSRFEIFPKTSSWPNHDSNGVTAACPHAGAKSFYKNLIWLVKKGNSYPKLSKSYINDKGKEVLVLWGIHHPSTSADQQSLYQNADTYVFVGSSRYSKKFKPEIAIRPKVRDQEGRMNYYWTLVEPGDKITFEATGNLVVPRYAFAMERNAGSIIISDTPVHDCNTTCQTPKGAINTSLPFQNIHPITIGKCPKYVKSTKLRLATGLRNIPSIQSRGGFIEGGWTGMVDGWYGYHHQNEQGSGYAADLKSTQNAIDEITNKVNSVIEKMNTQDGFLDIWTYNAELLVLLENERTLDYHDSNVKNLYEKVRSQLKNNAKEIGNGCFEFYHKCDNTCMESVKNGTYDYPKYSEEAKL,I,no_hit,,,,,,,,,,,,,,,,
5UGY,I,221,EVQLVQSGAEVKKPGASVKVSCKASGYTFTDYHINWVRQAPGQGLEWMGWIHPNSGDTNYAQKFQGWVTMTRDTAISTAYMEVNGLKSDDTAVYYCARGGLEPRSVDYYYYGMDVWGQGTTVTVSSASTKGPSVFPLAPSGTAALGCLVKDYFPEPVTVSWNSGALTSGVHTFPAVLQSSGLYSLSSVVTVPSSSLGTQTYICNVNHKPSNTKVDKRVEPK,I,ok,H,human,IGHV1-2*04,human,0.8775510204081632,IGHJ6*01,human,1.0,EVQLVQSGA-EVKKPGASVKVSCKASGYTF----TDYHINWVRQAPGQGLEWMGWIHPN--SGDTNYAQKFQ-GWVTMTRDTAISTAYMEVNGLKSDDTAVYYCARGGLEPRSVDYYYYGMDVWGQGTTVTVSS,EVQLVQSGAEVKKPGASVKVSCKAS,GYTFTDYH,INWVRQAPGQGLEWMGW,IHPNSGDT,NYAQKFQGWVTMTRDTAISTAYMEVNGLKSDDTAVYYC,ARGGLEPRSVDYYYYGMDV,WGQGTTVTVSS
5UJZ,I,236,EIVLTQSPGTLSLSPGERATLSCRASQSISGYYLTWYQQKPGQAPRLLIYGASSRATGIPDRFSGSGSGTDFTLTISRLEPEDFAVYYCQQYGISPVITFGGGTNVEIKGVQLVESGGGLVQPGGSLRLSCAASGFTFNIYDMHWVRQAPGKGLEWVSGLTTGGDTSYSGSVRGRFSISRENAKNSLYLQMNNLRAGDTAAYFCVRGVREVGATGGDPFYYAMAVWGQGTTVTVSS,I,ok,K,human,IGKV3-20*01,human,0.946236559139785,IGKJ4*01,human,0.8333333333333334,EIVLTQSPGTLSLSPGERATLSCRASQSIS-----GYYLTWYQQKPGQAPRLLIYGA-------SSRATGIP-DRFSGSG--SGTDFTLTISRLEPEDFAVYYCQQYGI---SPVITFGGGTNVEIK,EIVLTQSPGTLSLSPGERATLSCRAS,QSISGYY,LTWYQQKPGQAPRLLIY,GAS,SRATGIPDRFSGSGSGTDFTLTISRLEPEDFAVYYC,QQYGISPVIT,FGGGTNVEIK
6A4K,I,230,QVQLQESGPGLVKPSETLSLTCTVSGGSVNTGSYYWSWIRQPPGKGLEWIAYSSVSGTSNYNPSLKSRVTLTVDTSKNQFSLSVRSVTAADTAVYFCARLNYDILTGYYFFDFWGQGTLVIVSSASTKGPSVFPLAPSSKSASGGTAALGCLVKDYFPEPVTVSWNSGALTSGVHTFPAVLQSSGLYSLSSVVTVPSSSSGTQTYICNVNHKPSNTKVDKRVEPKSCDKT,I,ok,H,human,IGHV4-59*02,human,0.865979381443299,IGHJ5*04,human,0.8571428571428571,QVQLQESGP-GLVKPSETLSLTCTVSGGSVN--TGSYYWSWIRQPPGKGLEWIAYSSVS---GTSNYNPSLK-SRVTLTVDTSKNQFSLSVRSVTAADTAVYFCARLNYDILTGYYFFDFWGQGTLVIVSS,QVQLQESGPGLVKPSETLSLTCTVS,GGSVNTGSYY,WSWIRQPPGKGLEWIAY,SSVSGTS,NYNPSLKSRVTLTVDTSKNQFSLSVRSVTAADTAVYFC,ARLNYDILTGYYFFDF,WGQGTLVIVSS
6FYT,I,113,EVQLVESGGGLVQPGGSLRLSCAVSISIFDIYAMDWYRQAPGKQRDLVATSFRDGSTNYADSVKGRFTISRDNAKNTLYLQMKPEDTAVYLCHVSLYRDPVYWGKGALVTVSS,I,ok,H,human,IGHV3-23*04,human,0.7040816326530612,IGHJ4*01,human,0.7142857142857143,EVQLVESGG-GLVQPGGSLRLSCAVSISIF----DIYAMDWYRQAPGKQRDLVATSFRD---GSTNYADSVK-GRFTISRDNAKNTLYLQM---KPEDTAVYLCHVSLY---RDPVYWGKGALVTVSS,EVQLVESGGGLVQPGGSLRLSCAVS,ISIFDIYA,MDWYRQAPGKQRDLVAT,SFRDGST,NYADSVKGRFTISRDNAKNTLYLQMKPEDTAVYLC,HVSLYRDPVY,WGKGALVTVSS
6XSK,I,113,QVQLQESGPGLVKPSEILSLTCAVSGGSFSSYCWGWIRQPPGKGLEWIGSICSGGSNYLNPSLKSRVTLSVDTSKNQFSLILTAADTAVYYCAREGITIFDSWGQGAVVTVSS,I,ok,H,human,IGHV4-38-2*01,human,0.826530612244898,IGHJ5*01,human,0.8571428571428571,QVQLQESGP-GLVKPSEILSLTCAVSGGSF----SSYCWGWIRQPPGKGLEWIGSICSG---GSNYLNPSLK-SRVTLSVDTSKNQFSLI---LTAADTAVYYCAREGI---TIFDSWGQGAVVTVSS,QVQLQESGPGLVKPSEILSLTCAVS,GGSFSSYC,WGWIRQPPGKGLEWIGS,ICSGGSN,YLNPSLKSRVTLSVDTSKNQFSLILTAADTAVYYC,AREGITIFDS,WGQGAVVTVSS
7UMM,I,215,QVQLVQSGAEVKKPGASVKVSCKASGYTFTGYYIHWVRQAPGQGLEWMGWINPNTGGTVYAQTFQARVTMTRDTSISTAYMELIRLRSDDTAVYYCARERGTGAPDAFNIWGQGTLVTVSGASTKGPSVFPLAPSGTAALGCLVKDYFPEPVTVSWNSGALTSGVHTFPAVLQSSGLYSLSSVVTVPSSSLGTQTYICNVNHKPSNTKVDKKVEP,I,ok,H,human,IGHV1-2*02,human,0.9387755102040817,IGHJ5*01,human,0.7857142857142857,QVQLVQSGA-EVKKPGASVKVSCKASGYTF----TGYYIHWVRQAPGQGLEWMGWINPN--TGGTVYAQTFQ-ARVTMTRDTSISTAYMELIRLRSDDTAVYYCARERGTGAPDAFNIWGQGTLVTVSG,QVQLVQSGAEVKKPGASVKVSCKAS,GYTFTGYY,IHWVRQAPGQGLEWMGW,INPNTGGT,VYAQTFQARVTMTRDTSISTAYMELIRLRSDDTAVYYC,ARERGTGAPDAFNI,WGQGTLVTVSG
7UMM,I,215,QVQLVQSGAEVKKPGASVKVSCKASGYTFTGYYIHWVRQAPGQGLEWMGWINPNTGGTVYAQTFQARVTMTRDTSISTAYMELIRLRSDDTAVYYCARERGTGAPDAFNIWGQGTLVTVSGASTKGPSVFPLAPSGTAALGCLVKDYFPEPVTVSWNSGALTSGVHTFPAVLQSSGLYSLSSVVTVPSSSLGTQTYICNVNHKPSNTKVDKKVEP,I,ok,H,human,IGHV1-2*02,human,0.9387755102040817,IGHJ5*01,human,0.7857142857142857,QVQLVQSGA-EVKKPGASVKVSCKASGYTF----TGYYIHWVRQAPGQGLEWMGWINPN--TGGTVYAQTFQ-ARVTMTRDTSISTAYMELIRLRSDDTAVYYCARERGTGAPDAFNIWGQGTLVTVSG,QVQLVQSGAEVKKPGASVKVSCKAS,GYTFTGYY,IHWVRQAPGQGLEWMGW,INPNTGGT,VYAQTFQARVTMTRDTSISTAYMELIRLRSDDTAVYYC,ARERGTGAPDAFNI,WGQGTLVTVSG
8DIU,I,109,VLTQPPSVSAAPGQKVTISCSGSSSNIGNDYVSWYQQLPGTAPKLLIYDNNKRPSGIPDRFSGSKSGTSATLGITGLQTGDEANYYCATWDRRPTAYVVFGGGTKLTVL,I,ok,L,human,IGLV1-51*01,human,0.946236559139785,IGLJ2*01,human,1.0,--VLTQPPS-VSAAPGQKVTISCSGSSSNI----GNDYVSWYQQLPGTAPKLLIYDN-------NKRPSGIP-DRFSGSK--SGTSATLGITGLQTGDEANYYCATWDRR-PTAYVVFGGGTKLTVL,VLTQPPSVSAAPGQKVTISCSGS,SSNIGNDY,VSWYQQLPGTAPKLLIY,DNN,KRPSGIPDRFSGSKSGTSATLGITGLQTGDEANYYC,ATWDRRPTAYVV,FGGGTKLTVL
4F15,J,255,KLRGVAPLHLGKCNIAGWILGNPECESLSTASSWSYIVETSSSDNGTCYPGDFIDYEELREQLSSVSSFERFEIFPKTSSWPNHDSNKGVTAACPHAGAKSFYKNLIWLVKKGNSYPKLSKSYINDKGKEVLVLWGIHHPSTSADQQSLYQNADAYVFVGSSRYSKKFKPEIAIRPKVRDQEGRMNYYWTLVEPGDKITFEATGNLVVPRYAFAMERNAGSGNKVNSVIEKMNTQFLDIWTYNAELLVLLENERT,J,no_hit,,,,,,,,,,,,,,,,
4LVH,J,222,PLHLGKCNIAGWILGNPECESLSTASSWSYIVETSSSDNGTCYPGDFIDYEELREQLSSVSSFERFEIFPKTSSWPNHDSNKGVTAACPHAGAKSFYKNLIWLVKKGNSYPKLSKSYINDKGKEVLVLWGIHHPSTSADQQSLYQNADAYVFVGSSRYSKKFKPEIAIRPKVRDQEGRMNYYWTLVEPGDKITFEATGNLVVPRYAFAMERNAGSGIIISDT,J,no_hit,,,,,,,,,,,,,,,,
4PY8,J,212,ELQMTQSPSSVSASVGDRVTITCRASQGISSWLAWYQQKPGKAPKLLIYAASSLQSGVPSRFSGSGSGTDFTLTISSLQPEDFATYYCQQANSFPLTFGGGTKVEIKRTVAAPSVFIFPPSDEQLKSGTASVVCLLNNFYPREAKVQWKVDNALQSGNSQESVTEQDSKDSTYSLSSTLTLSKADYEKHKVYACEVTHQGLSSPVTKSFNRG,J,ok,K,human,IGKV1-12*01,human,0.9782608695652174,IGKJ4*01,human,1.0,ELQMTQSPSSVSASVGDRVTITCRASQGI------SSWLAWYQQKPGKAPKLLIYAA-------SSLQSGVP-SRFSGSG--SGTDFTLTISSLQPEDFATYYCQQANS----FPLTFGGGTKVEIK,ELQMTQSPSSVSASVGDRVTITCRAS,QGISSW,LAWYQQKPGKAPKLLIY,AAS,SLQSGVPSRFSGSGSGTDFTLTISSLQPEDFATYYC,QQANSFPLT,FGGGTKVEIK
7MEM,J,107,DIQMTQSPSSLSAFVGDRVTIACQASQDIRIHLNWYQQKPGKAPKLLIYDASNLEAGVPSRFSGSGSGTDFTFTISSLQPEDIATYYCQHYHNLPRTFGGGTKVEIK,J,ok,K,human,IGKV1-33*01,human,0.9130434782608695,IGKJ4*01,human,0.9166666666666666,DIQMTQSPSSLSAFVGDRVTIACQASQDI------RIHLNWYQQKPGKAPKLLIYDA-------SNLEAGVP-SRFSGSG--SGTDFTFTISSLQPEDIATYYCQHYHN----LPRTFGGGTKVEIK,DIQMTQSPSSLSAFVGDRVTIACQAS,QDIRIH,LNWYQQKPGKAPKLLIY,DAS,NLEAGVPSRFSGSGSGTDFTFTISSLQPEDIATYYC,QHYHNLPRT,FGGGTKVEIK
7MEM,J,107,DIQMTQSPSSLSAFVGDRVTIACQASQDIRIHLNWYQQKPGKAPKLLIYDASNLEAGVPSRFSGSGSGTDFTFTISSLQPEDIATYYCQHYHNLPRTFGGGTKVEIK,J,ok,K,human,IGKV1-33*01,human,0.9130434782608695,IGKJ4*01,human,0.9166666666666666,DIQMTQSPSSLSAFVGDRVTIACQASQDI------RIHLNWYQQKPGKAPKLLIYDA-------SNLEAGVP-SRFSGSG--SGTDFTFTISSLQPEDIATYYCQHYHN----LPRTFGGGTKVEIK,DIQMTQSPSSLSAFVGDRVTIACQAS,QDIRIH,LNWYQQKPGKAPKLLIY,DAS,NLEAGVPSRFSGSGSGTDFTFTISSLQPEDIATYYC,QHYHNLPRT,FGGGTKVEIK
7X6O,J,229,EVQLVESGGGLVQPGGSLRLSCAASGFTFSTYNMNWVRQAPGKGLEWLSYISTSSNTIYYADSVKGRFTISRDNAKNSLFLQMNSLRDEDTAVYYCARDRGCSSTNCYVVGYYFYGMDVWGQGTTVTVSSASTKGPSVFPLAPSSKSTSGGTAALGCLVKDYFPEPVTVSWNSGALTSGVHTFPAVLQSSGLYSLSSVVTVPSSSLGTQTYICNVNHKPSNTKVDKKVE,J,ok,H,human,IGHV3-48*02,human,0.9387755102040817,IGHJ6*01,human,1.0,EVQLVESGG-GLVQPGGSLRLSCAASGFTF----STYNMNWVRQAPGKGLEWLSYISTS--SNTIYYADSVK-GRFTISRDNAKNSLFLQMNSLRDEDTAVYYCARDRGCSSTNCYVVGYYFYGMDVWGQGTTVTVSS,EVQLVESGGGLVQPGGSLRLSCAAS,GFTFSTYN,MNWVRQAPGKGLEWLSY,ISTSSNTI,YYADSVKGRFTISRDNAKNSLFLQMNSLRDEDTAVYYC,ARDRGCSSTNCYVVGYYFYGMDV,WGQGTTVTVSS
4F15,K,208,VKLQESGAVVQPGGSLRLSCAASGFTGSDYDMSWIRQAPGKGLEWVSGILGGSERSYYRDSVKGRSTISRDNSRKTLYLEMNSLRAEDTAVYYCARHSWGGWGQGTTVTVSSASTKGPSVFPLAPSTSGGTAALGCLVKDYFPEPVTVSWNSGALTSSVHTFPAVLQSSGLYSLSSVVTVPSSSLGTQTYICNVNHKPSNTKVDKKSC,K,no_hit,,,,,,,,,,,,,,,,
4LVH,K,218,KLQQSGGGVVQPGGSLRLSCAASGFTFSDYDMSWIRQAPGKGLEWVSGILGGSERSYYRDSVKGRFTISRDNSRKTLYLQMNSLRAEDTAVYYCARHGSPGYTLYAWDYWGQGTMVTVSSASTKGPSVFPLAPSTSGATAALGCLVKDYFPEPVTVSWNSGALTSSVHTFPAVLQSSGLYSLSSVVTVPSSSLGTQTYICNVNHKPSNTKVDKKSCAA,K,no_hit,,,,,,,,,,,,,,,,
6XSK,K,107,DIQMTQSPSSLSASVGDTVTITCRASQSISSWLAWYQQKPGKAPNLLIYRASTLQSGVPSRFSGSGSGTDFTLTISSLQSEDFATYFCQQSTSSPFTFGPGTKLDIK,K,ok,K,human,IGKV1-39*01,human,0.9021739130434783,IGKJ3*01,human,0.9166666666666666,DIQMTQSPSSLSASVGDTVTITCRASQSI------SSWLAWYQQKPGKAPNLLIYRA-------STLQSGVP-SRFSGSG--SGTDFTLTISSLQSEDFATYFCQQSTS----SPFTFGPGTKLDIK,DIQMTQSPSSLSASVGDTVTITCRAS,QSISSW,LAWYQQKPGKAPNLLIY,RAS,TLQSGVPSRFSGSGSGTDFTLTISSLQSEDFATYFC,QQSTSSPFT,FGPGTKLDIK
3GBN,L,145,VLTQPPSVSAAPGQKVTISCSGSSIGNDYVSWYQQLPGTAPKLLIYDNNKRPSGIPDRFSGSKSGTSATLGITGLQTGDEANYYCATWDRRPVVFGGGTKLTVEELQANKATLVCLISDFYGVETTTPSKQSNNKYAASSYLSCQ,L,ok,L,human,IGLV1-51*01,human,0.9032258064516129,IGLJ2*01,human,0.9166666666666666,--VLTQPPS-VSAAPGQKVTISCSGSSIG------NDYVSWYQQLPGTAPKLLIYDN-------NKRPSGIP-DRFSGSK--SGTSATLGITGLQTGDEANYYCATWDR----RPVVFGGGTKLTVE,VLTQPPSVSAAPGQKVTISCSGS,SIGNDY,VSWYQQLPGTAPKLLIY,DNN,KRPSGIPDRFSGSKSGTSATLGITGLQTGDEANYYC,ATWDRRPVV,FGGGTKLTVE
3LZF,L,206,PVLTQPPSASGTPGQRVTISCSGSSIGSNTVSWYQQVPGTAPKLLIYGNNERPSGVPDRFSGSKSATSASLAISGLQSEDEADYYCAAWDDSLWVFGGGTKLTVGQPKAAPSVTLFPPSSEELQANKATLVCLISDFYPGAVTVAWKADSSPVKAGVETTTPSKQSNNKYAASSYLSLTPEQWKSHKSYSCQVTHEGSTVEKTVAP,L,ok,L,human,IGLV1-44*01,human,0.8817204301075269,IGLJ3*02,human,0.9166666666666666,-PVLTQPPS-ASGTPGQRVTISCSGSSIG------SNTVSWYQQVPGTAPKLLIYGN-------NERPSGVP-DRFSGSK--SATSASLAISGLQSEDEADYYCAAWDD----SLWVFGGGTKLTVG,PVLTQPPSASGTPGQRVTISCSGS,SIGSNT,VSWYQQVPGTAPKLLIY,GNN,ERPSGVPDRFSGSKSATSASLAISGLQSEDEADYYC,AAWDDSLWV,FGGGTKLTVG
3ZTN,L,146,DIVMTQSPDSLAVSLGERATINCKSSQNYKNYLAWYQQKPGQPPKLLIYWASTRESGVPDRFSGSGSGTDFTLTISSLQAEDVAVYYCQQHYRTPPTFGQGTKVEIKRTVAAPSVLLNNFYPQSGNSQESVTEQDSKDSTYSLSST,L,ok,K,human,IGKV4-1*01,human,0.9081632653061225,IGKJ1*01,human,0.9166666666666666,DIVMTQSPDSLAVSLGERATINCKSSQNY------KNYLAWYQQKPGQPPKLLIYWA-------STRESGVP-DRFSGSG--SGTDFTLTISSLQAEDVAVYYCQQHYR----TPPTFGQGTKVEIK,DIVMTQSPDSLAVSLGERATINCKSS,QNYKNY,LAWYQQKPGQPPKLLIY,WAS,TRESGVPDRFSGSGSGTDFTLTISSLQAEDVAVYYC,QQHYRTPPT,FGQGTKVEIK
4F15,L,203,IQMTQSPASLAVSPGQRATITCRASESVSNFINWFQQKPGQPPKLLIYTASNKGTGVPARFSGSGSGTDFTLTINPVEAEDTANYFCQQTKEVPYGTFGGTKLEIKRADAAPTVSIFPPSSEQLTSGASVVCFLNNFYPKINVKWKIDGSERQNGVLNSWTDQDSKDSTYSMSSTLTLYERHNSYTCEATHKTSTSPIVKSFN,L,ok,K,mouse,IGKV3-2*01,mouse,0.7604166666666666,IGKJ4*02,mouse,0.8333333333333334,-IQMTQSPASLAVSPGQRATITCRASESV------SNFINWFQQKPGQPPKLLIYTA-------SNKGTGVP-ARFSGSG--SGTDFTLTINPVEAEDTANYFCQQTKE---VPYGTFG-GTKLEIK,IQMTQSPASLAVSPGQRATITCRAS,ESVSNF,INWFQQKPGQPPKLLIY,TAS,NKGTGVPARFSGSGSGTDFTLTINPVEAEDTANYFC,QQTKEVPYGT,FGGTKLEIK
4LVH,L,209,IQMTQSPASLAVSPGQRATITCRAESVSNYGINFINWFQQKPGQPPKLLIYTASNKGTGVPARFSGSGSGTDFTLTINPVEAEDTANYFCQQTKEVPYTFGGGTKLEIKRADAAPTVSIFPPSSEQLTSGGASVVCFLNNFYPKINVKWKIDGSERQNGVLNSWTDQDSKDSTYSMSSTLTLDEYERHNSYTCEATHKTSTSPIVKSFN,L,ok,K,mouse,IGKV3-2*01,mouse,0.7708333333333334,IGKJ2*01,mouse,1.0,-IQMTQSPASLAVSPGQRATITCRAESVSNY---GINFINWFQQKPGQPPKLLIYTA-------SNKGTGVP-ARFSGSG--SGTDFTLTINPVEAEDTANYFCQQTKE----VPYTFGGGTKLEIK,IQMTQSPASLAVSPGQRATITCRAE,SVSNYGINF,INWFQQKPGQPPKLLIY,TAS,NKGTGVPARFSGSGSGTDFTLTINPVEAEDTANYFC,QQTKEVPYT,FGGGTKLEIK
4M5Z,L,209,SYVLTQPPSVSVAPGETARISCGGNNIGTKVLHWYQQTPGQAPVLVVYDDSDRPSGIPERFSGSNSGNTATLTISRVEVGDEADYYCQVWDISTAVFGGGTKLTVGQPKAAPSVTLFPPSSEELQANKATLVCLISDFYPGAVTVAWKADSSPVKAGVETTTPSKQSNNKYAASSYLSLTPEQWKSHRSYSCQVTHEGSTVEKTVAPTE,L,ok,L,human,IGLV3-21*02,human,0.9230769230769231,IGLJ7*01,human,0.8333333333333334,SYVLTQPPS-VSVAPGETARISCGGNNIG------TKVLHWYQQTPGQAPVLVVYDD-------SDRPSGIP-ERFSGSN--SGNTATLTISRVEVGDEADYYCQVWDI----STAVFGGGTKLTVG,SYVLTQPPSVSVAPGETARISCGGN,NIGTKV,LHWYQQTPGQAPVLVVY,DDS,DRPSGIPERFSGSNSGNTATLTISRVEVGDEADYYC,QVWDISTAV,FGGGTKLTVG
4YJZ,L,234,VLTQPLSAPGTPGQRVTISCSGSSSNVGTNAVDWYQRLPGTAPKLLIYYNNQRPSGVPDRFSGSKSGTSASLAISGLRSEDEADYYCATWDNSLNDRVFGGGTKLTVLQVQLVQSGAEVRKPGSSVKVSCKASRGTFSNHAVSWVRQAPGHGLEWLGGLIPIFSTPHYAQKFQGRVTITADESTNTVHMELSSLRSEDTAVYYCAREIPGATSGPDHFFFYGMDVWGQGTTVAV,L,ok,L,human,IGLV1-47*01,human,0.8817204301075269,IGLJ2*01,human,0.9166666666666666,--VLTQPLS-APGTPGQRVTISCSGSSSNV----GTNAVDWYQRLPGTAPKLLIYYN-------NQRPSGVP-DRFSGSK--SGTSASLAISGLRSEDEADYYCATWDNS--LNDRVFGGGTKLTVL,VLTQPLSAPGTPGQRVTISCSGS,SSNVGTNA,VDWYQRLPGTAPKLLIY,YNN,QRPSGVPDRFSGSKSGTSASLAISGLRSEDEADYYC,ATWDNSLNDRV,FGGGTKLTVL
5GJS,L,207,DIQMTQSPATLSASVGDRVSITCRASQSISSWLAWYQQKPGKAPKLLIYKASSLESGVPSRFSGSGSGSEFTLTISSLQPDDFAIYYCQQYNSYPWTFGQGTKVEIKRTVAAPSVFIFPPSDEQLKSGTASVVCLLNNFYPREAKVQWKVNALQSNSQESVTEQDSKDSTYSLSSTLTLDYEKHKVYACEVTHQGLSSPVTKSFNRG,L,ok,K,human,IGKV1-5*03,human,0.9565217391304348,IGKJ1*01,human,1.0,DIQMTQSPATLSASVGDRVSITCRASQSI------SSWLAWYQQKPGKAPKLLIYKA-------SSLESGVP-SRFSGSG--SGSEFTLTISSLQPDDFAIYYCQQYNS----YPWTFGQGTKVEIK,DIQMTQSPATLSASVGDRVSITCRAS,QSISSW,LAWYQQKPGKAPKLLIY,KAS,SLESGVPSRFSGSGSGSEFTLTISSLQPDDFAIYYC,QQYNSYPWT,FGQGTKVEIK
5K9O,L,217,DVVMTQSPVSLPVTLGQPASISCRSSQGLVYIDGNTYLNWFQQRPGQSPRRLIYNVFTRDSGVPDRFSGSGSGTDFTLKITTVEAEDVGVYYCMQGTHWPYTFGQGTKVEITVAAPSVFIFPPSDEQLKSGTASVVCLLNNFYPREAKVQWKVDNALQSGNSQESVTEQDSKDSTYSLSSTLTLSKADYEKHKVYACEVTHQGLRSPVTKSFNRGEC,L,ok,K,human,IGKV2-30*01,human,0.9175257731958762,IGKJ1*01,human,0.8333333333333334,DVVMTQSPVSLPVTLGQPASISCRSSQGLVYI-DGNTYLNWFQQRPGQSPRRLIYNV-------FTRDSGVP-DRFSGSG--SGTDFTLKITTVEAEDVGVYYCMQGTH----WPYTFGQGTKVEIT,DVVMTQSPVSLPVTLGQPASISCRSS,QGLVYIDGNTY,LNWFQQRPGQSPRRLIY,NVF,TRDSGVPDRFSGSGSGTDFTLKITTVEAEDVGVYYC,MQGTHWPYT,FGQGTKVEIT
5W6G,L,214,SVLTQPPSVSGAPGQRVSISCTGTHSNIGAGFDVHWYQQLPGTAPKLLIYANNNRPSGVPDRFSGSKSGSSASLAITGLQAEDEADYYCQSFDSILSGDLVFGGGTKLTVLGQPKGAPSVTLFPPSSEELQANKATLVCLISDFYPGAVTVAWKADSSPVKAGVETTTPSKQSNNKYAASSYLSLTPEQWKSHRSYSCQVTHEGSTVEKTVAPT,L,ok,L,human,IGLV1-40*01,human,0.9042553191489362,IGLJ2*01,human,0.9166666666666666,-SVLTQPPS-VSGAPGQRVSISCTGTHSNIG---AGFDVHWYQQLPGTAPKLLIYAN-------NNRPSGVP-DRFSGSK--SGSSASLAITGLQAEDEADYYCQSFDSI-LSGDLVFGGGTKLTVL,SVLTQPPSVSGAPGQRVSISCTGT,HSNIGAGFD,VHWYQQLPGTAPKLLIY,ANN,NRPSGVPDRFSGSKSGSSASLAITGLQAEDEADYYC,QSFDSILSGDLV,FGGGTKLTVL
5XHV,L,214,DIQMTQSPSSLSASVGDRVTITCRASQDVGFYVAWYQQKPGKAPKLLISWSSYLYSGVPSRFSGSGSGTDFTLTISSLQPEDFATYYCQQYYNYPLTFGQGTKVEIKRTVAAPSVFIFPPSDEQLKSGTASVVCLLNNFYPREAKVQWKVDNALQSGNSQESVTEQDSKDSTYSLSSTLTLSKADYEKHKVYACEVTHQGLSSPVTKSFNRGEC,L,ok,K,human,IGKV1-39*01,human,0.8695652173913043,IGKJ4*01,human,0.9166666666666666,DIQMTQSPSSLSASVGDRVTITCRASQDV------GFYVAWYQQKPGKAPKLLISWS-------SYLYSGVP-SRFSGSG--SGTDFTLTISSLQPEDFATYYCQQYYN----YPLTFGQGTKVEIK,DIQMTQSPSSLSASVGDRVTITCRAS,QDVGFY,VAWYQQKPGKAPKLLIS,WSS,YLYSGVPSRFSGSGSGTDFTLTISSLQPEDFATYYC,QQYYNYPLT,FGQGTKVEIK
6ML8,L,212,DIQLTQSPSSLSASVGDRVTLTCQASQDIRKFLNWYQQKPGKGPKLLIYDASNLQRGVPSRFSGGGSGTDFTLIISSLQPEDVGTYYCQQYDGLPFTFGGGTKVVIKRTVAAPSVFIFPPSDEQLKSGTASVVCLLNNFYPREAKVQWKVDNALQSGNSQESVTEQDSKDSTYSLSSTLTLSKADYEKHKVYACEVTHQGLSSPVTKSFNRG,L,ok,K,human,IGKV1-33*01,human,0.8586956521739131,IGKJ3*01,human,0.8333333333333334,DIQLTQSPSSLSASVGDRVTLTCQASQDI------RKFLNWYQQKPGKGPKLLIYDA-------SNLQRGVP-SRFSGGG--SGTDFTLIISSLQPEDVGTYYCQQYDG----LPFTFGGGTKVVIK,DIQLTQSPSSLSASVGDRVTLTCQAS,QDIRKF,LNWYQQKPGKGPKLLIY,DAS,NLQRGVPSRFSGGGSGTDFTLIISSLQPEDVGTYYC,QQYDGLPFT,FGGGTKVVIK
6Q0E,L,212,SELTQDPAVSVALGQTVRITCQGDSLRSYYASWYQQKPGQAPVLVIYGKNNRPSGIPDRFSGSSSGNTASLTITGAQAEDEADYYCNSRDSSGNHPVVFGGGTKLTVLGQPKGAPSVTLFPPSSEELQANKATLVCLISDFYPGAVTVAWKADSSPVKAGVETTTPSKQSNNKYAASSYLSLTPEQWKSHRSYSCQVTHEGSTVEKTVAPTE,L,ok,L,human,IGLV3-19*01,human,0.989010989010989,IGLJ2*01,human,1.0,-SELTQDPA-VSVALGQTVRITCQGDSLR------SYYASWYQQKPGQAPVLVIYGK-------NNRPSGIP-DRFSGSS--SGNTASLTITGAQAEDEADYYCNSRDSS-GNHPVVFGGGTKLTVL,SELTQDPAVSVALGQTVRITCQGD,SLRSYY,ASWYQQKPGQAPVLVIY,GKN,NRPSGIPDRFSGSSSGNTASLTITGAQAEDEADYYC,NSRDSSGNHPVV,FGGGTKLTVL
6Q0H,L,212,SELTQDPAVSVALGQTVRITCQGDSLRGYYASWYQQKPGQAPVLVIYGKNNRPSGIPDRFSGSSSGNTASLTITGAQAEDEADYYCNSRDSSGNHPVVFGGGTKLTVLGQPKGAPSVTLFPPSSEELQANKATLVCLISDFYPGAVTVAWKADSSPVKAGVETTTPSKQSNNKYAASSYLSLTPEQWKSHRSYSCQVTHEGSTVEKTVAPTE,L,ok,L,human,IGLV3-19*01,human,0.978021978021978,IGLJ2*01,human,1.0,-SELTQDPA-VSVALGQTVRITCQGDSLR------GYYASWYQQKPGQAPVLVIYGK-------NNRPSGIP-DRFSGSS--SGNTASLTITGAQAEDEADYYCNSRDSS-GNHPVVFGGGTKLTVL,SELTQDPAVSVALGQTVRITCQGD,SLRGYY,ASWYQQKPGQAPVLVIY,GKN,NRPSGIPDRFSGSSSGNTASLTITGAQAEDEADYYC,NSRDSSGNHPVV,FGGGTKLTVL
6Q0I,L,212,SELTQDPAVSVALGQTVRITCQGDSLRGYYASWYQQKPGQAPVLVIYGKNNRPSGIPDRFSGSSSGNTASLTITGAQAEDEADYYCNSRDSSGNHPVVFGGGTKLTVLGQPKGAPSVTLFPPSSEELQANKATLVCLISDFYPGAVTVAWKADSSPVKAGVETTTPSKQSNNKYAASSYLSLTPEQWKSHRSYSCQVTHEGSTVEKTVAPTE,L,ok,L,human,IGLV3-19*01,human,0.978021978021978,IGLJ2*01,human,1.0,-SELTQDPA-VSVALGQTVRITCQGDSLR------GYYASWYQQKPGQAPVLVIYGK-------NNRPSGIP-DRFSGSS--SGNTASLTITGAQAEDEADYYCNSRDSS-GNHPVVFGGGTKLTVL,SELTQDPAVSVALGQTVRITCQGD,SLRGYY,ASWYQQKPGQAPVLVIY,GKN,NRPSGIPDRFSGSSSGNTASLTITGAQAEDEADYYC,NSRDSSGNHPVV,FGGGTKLTVL
6Q0I,L,212,SELTQDPAVSVALGQTVRITCQGDSLRGYYASWYQQKPGQAPVLVIYGKNNRPSGIPDRFSGSSSGNTASLTITGAQAEDEADYYCNSRDSSGNHPVVFGGGTKLTVLGQPKGAPSVTLFPPSSEELQANKATLVCLISDFYPGAVTVAWKADSSPVKAGVETTTPSKQSNNKYAASSYLSLTPEQWKSHRSYSCQVTHEGSTVEKTVAPTE,L,ok,L,human,IGLV3-19*01,human,0.978021978021978,IGLJ2*01,human,1.0,-SELTQDPA-VSVALGQTVRITCQGDSLR------GYYASWYQQKPGQAPVLVIYGK-------NNRPSGIP-DRFSGSS--SGNTASLTITGAQAEDEADYYCNSRDSS-GNHPVVFGGGTKLTVL,SELTQDPAVSVALGQTVRITCQGD,SLRGYY,ASWYQQKPGQAPVLVIY,GKN,NRPSGIPDRFSGSSSGNTASLTITGAQAEDEADYYC,NSRDSSGNHPVV,FGGGTKLTVL
6Q0I,L,212,SELTQDPAVSVALGQTVRITCQGDSLRGYYASWYQQKPGQAPVLVIYGKNNRPSGIPDRFSGSSSGNTASLTITGAQAEDEADYYCNSRDSSGNHPVVFGGGTKLTVLGQPKGAPSVTLFPPSSEELQANKATLVCLISDFYPGAVTVAWKADSSPVKAGVETTTPSKQSNNKYAASSYLSLTPEQWKSHRSYSCQVTHEGSTVEKTVAPTE,L,ok,L,human,IGLV3-19*01,human,0.978021978021978,IGLJ2*01,human,1.0,-SELTQDPA-VSVALGQTVRITCQGDSLR------GYYASWYQQKPGQAPVLVIYGK-------NNRPSGIP-DRFSGSS--SGNTASLTITGAQAEDEADYYCNSRDSS-GNHPVVFGGGTKLTVL,SELTQDPAVSVALGQTVRITCQGD,SLRGYY,ASWYQQKPGQAPVLVIY,GKN,NRPSGIPDRFSGSSSGNTASLTITGAQAEDEADYYC,NSRDSSGNHPVV,FGGGTKLTVL
6Q0I,L,212,SELTQDPAVSVALGQTVRITCQGDSLRGYYASWYQQKPGQAPVLVIYGKNNRPSGIPDRFSGSSSGNTASLTITGAQAEDEADYYCNSRDSSGNHPVVFGGGTKLTVLGQPKGAPSVTLFPPSSEELQANKATLVCLISDFYPGAVTVAWKADSSPVKAGVETTTPSKQSNNKYAASSYLSLTPEQWKSHRSYSCQVTHEGSTVEKTVAPTE,L,ok,L,human,IGLV3-19*01,human,0.978021978021978,IGLJ2*01,human,1.0,-SELTQDPA-VSVALGQTVRITCQGDSLR------GYYASWYQQKPGQAPVLVIYGK-------NNRPSGIP-DRFSGSS--SGNTASLTITGAQAEDEADYYCNSRDSS-GNHPVVFGGGTKLTVL,SELTQDPAVSVALGQTVRITCQGD,SLRGYY,ASWYQQKPGQAPVLVIY,GKN,NRPSGIPDRFSGSSSGNTASLTITGAQAEDEADYYC,NSRDSSGNHPVV,FGGGTKLTVL
6Q0L,L,213,SELTQDPAVSVALGQTVRITCQGDSLRGYYASWYQQKPGQAPVLVIYGKNNRPSGIPDRFSGSSSGNTASLTITGAQAEDEADYYCNSRDSSGNHPVVFGGGTKLTVLGQPKGAPSVTLFPPSSEELQANKATLVCLISDFYPGAVTVAWKADSSPVKAGVETTTPSKQSNNKYAASSYLSLTPEQWKSHRSYSCQVTHEGSTVEKTVAPTEC,L,ok,L,human,IGLV3-19*01,human,0.978021978021978,IGLJ2*01,human,1.0,-SELTQDPA-VSVALGQTVRITCQGDSLR------GYYASWYQQKPGQAPVLVIYGK-------NNRPSGIP-DRFSGSS--SGNTASLTITGAQAEDEADYYCNSRDSS-GNHPVVFGGGTKLTVL,SELTQDPAVSVALGQTVRITCQGD,SLRGYY,ASWYQQKPGQAPVLVIY,GKN,NRPSGIPDRFSGSSSGNTASLTITGAQAEDEADYYC,NSRDSSGNHPVV,FGGGTKLTVL
6Q18,L,210,ELTQDPAVSVALGQTVRITCQGDSLRGYSASWYQLKPGQAPVLVIYGKNNRPSGIPDRFSGSTSGNRASLIITGTQAEDEADYYCNSRDTNGYRPVLFGGGTKLTVLGQPKGAPSVTLFPPSSEELQANKATLVCLISDFYPGAVTVAWKADSSPVKAGVETTTPSKQSNNKYAASSYLSLTPEQWKSHRSYSCQVTHEGSTVEKTVAPT,L,ok,L,human,IGLV3-19*01,human,0.9010989010989011,IGLJ2*01,human,0.9166666666666666,--ELTQDPA-VSVALGQTVRITCQGDSLR------GYSASWYQLKPGQAPVLVIYGK-------NNRPSGIP-DRFSGST--SGNRASLIITGTQAEDEADYYCNSRDTN-GYRPVLFGGGTKLTVL,ELTQDPAVSVALGQTVRITCQGD,SLRGYS,ASWYQLKPGQAPVLVIY,GKN,NRPSGIPDRFSGSTSGNRASLIITGTQAEDEADYYC,NSRDTNGYRPVL,FGGGTKLTVL
6XGC,L,107,SVLTQPPSASGAPGQSVTISCSGSSSNFGSNHVYWYQQLSGKAPKLLIYNNNRRPSGVPDRFSGSKSGTSASLAISGLQSEDEADYYCSVWDSSLNNVLFGGGTRLT,L,ok,L,human,IGLV1-44*01,human,0.8709677419354839,IGLJ2*01,human,0.6666666666666666,-SVLTQPPS-ASGAPGQSVTISCSGSSSNF----GSNHVYWYQQLSGKAPKLLIYNN-------NRRPSGVP-DRFSGSK--SGTSASLAISGLQSEDEADYYCSVWDSS--LNNVLFGGGTRLT,SVLTQPPSASGAPGQSVTISCSGS,SSNFGSNH,VYWYQQLSGKAPKLLIY,NNN,RRPSGVPDRFSGSKSGTSASLAISGLQSEDEADYYC,SVWDSSLNNVL,FGGGTRLT
7JIX,L,216,DIVLTQSPASLAVSLGQRATISCKASQSVDFDGDSYMNWYQQKPGQPPKLLIYTTSNLESGIPARFSGSGSGTDFTLNIHPVEEEDAATYYCQQSSEDPYTFGGGTKLEIKRADGAPTVSIFPPSSEQLTSGGASVVCFLNNFYPKDINVKWKIDGSERQNGVLNSWTDQDSKDSTYSMSSTLTLTKDEYERHNSYTCEATHKTSTSPIVKSFNRN,L,ok,K,mouse,IGKV3-4*01,mouse,0.9479166666666666,IGKJ2*01,mouse,1.0,DIVLTQSPASLAVSLGQRATISCKASQSVDF--DGDSYMNWYQQKPGQPPKLLIYTT-------SNLESGIP-ARFSGSG--SGTDFTLNIHPVEEEDAATYYCQQSSE----DPYTFGGGTKLEIK,DIVLTQSPASLAVSLGQRATISCKAS,QSVDFDGDSY,MNWYQQKPGQPPKLLIY,TTS,NLESGIPARFSGSGSGTDFTLNIHPVEEEDAATYYC,QQSSEDPYT,FGGGTKLEIK
7JIX,L,216,DIVLTQSPASLAVSLGQRATISCKASQSVDFDGDSYMNWYQQKPGQPPKLLIYTTSNLESGIPARFSGSGSGTDFTLNIHPVEEEDAATYYCQQSSEDPYTFGGGTKLEIKRADGAPTVSIFPPSSEQLTSGGASVVCFLNNFYPKDINVKWKIDGSERQNGVLNSWTDQDSKDSTYSMSSTLTLTKDEYERHNSYTCEATHKTSTSPIVKSFNRN,L,ok,K,mouse,IGKV3-4*01,mouse,0.9479166666666666,IGKJ2*01,mouse,1.0,DIVLTQSPASLAVSLGQRATISCKASQSVDF--DGDSYMNWYQQKPGQPPKLLIYTT-------SNLESGIP-ARFSGSG--SGTDFTLNIHPVEEEDAATYYCQQSSE----DPYTFGGGTKLEIK,DIVLTQSPASLAVSLGQRATISCKAS,QSVDFDGDSY,MNWYQQKPGQPPKLLIY,TTS,NLESGIPARFSGSGSGTDFTLNIHPVEEEDAATYYC,QQSSEDPYT,FGGGTKLEIK
7SCN,L,108,EIVLTQSPGTLSLSPGERATVSCRASQSVTSTFLAWYQQRPGQAPRLLIYGASSRATGIPDRFSGSGSEADFTLTINRLEPEDFAVYYCQQYATSPWTFGQGTKVEIK,L,ok,K,human,IGKV3-20*01,human,0.9032258064516129,IGKJ1*01,human,1.0,EIVLTQSPGTLSLSPGERATVSCRASQSVT-----STFLAWYQQRPGQAPRLLIYGA-------SSRATGIP-DRFSGSG--SEADFTLTINRLEPEDFAVYYCQQYAT----SPWTFGQGTKVEIK,EIVLTQSPGTLSLSPGERATVSCRAS,QSVTSTF,LAWYQQRPGQAPRLLIY,GAS,SRATGIPDRFSGSGSEADFTLTINRLEPEDFAVYYC,QQYATSPWT,FGQGTKVEIK
7SCO,L,107,IVLTQAPFSLSLSPGERATLSCRASQSVSSSSLAWYHQKPGQAPRLLIYGASSRATGIPDRFSGSGSGTDFTLTISRLEPEDFSLYYCQQYGSSPLTFGQGTRLEIK,L,ok,K,human,IGKV3-20*01,human,0.9032258064516129,IGKJ5*01,human,0.9166666666666666,-IVLTQAPFSLSLSPGERATLSCRASQSVS-----SSSLAWYHQKPGQAPRLLIYGA-------SSRATGIP-DRFSGSG--SGTDFTLTISRLEPEDFSLYYCQQYGS----SPLTFGQGTRLEIK,IVLTQAPFSLSLSPGERATLSCRAS,QSVSSSS,LAWYHQKPGQAPRLLIY,GAS,SRATGIPDRFSGSGSGTDFTLTISRLEPEDFSLYYC,QQYGSSPLT,FGQGTRLEIK
7X6O,L,214,DIQMTQSPSSVSASVGDRVTITCRASQGISSYLAWYQLKPGRAPKLLIYGATRLQSGVPSRFSGSGSGTDFTLTISGLQPEDFATYHCQQADSFPLTFGQGTRLEIKRTVAAPSVFIFPPSDEQLKSGTASVVCLLNNFYPREAKVQWKVDNALQSGNSQESVTEQDSKDSTYSLSSTLTLSKADYEKHKVYACEVTHQGLSSPVTKSFNRGEC,L,ok,K,human,IGKV1-12*01,human,0.9021739130434783,IGKJ5*01,human,0.9166666666666666,DIQMTQSPSSVSASVGDRVTITCRASQGI------SSYLAWYQLKPGRAPKLLIYGA-------TRLQSGVP-SRFSGSG--SGTDFTLTISGLQPEDFATYHCQQADS----FPLTFGQGTRLEIK,DIQMTQSPSSVSASVGDRVTITCRAS,QGISSY,LAWYQLKPGRAPKLLIY,GAT,RLQSGVPSRFSGSGSGTDFTLTISGLQPEDFATYHC,QQADSFPLT,FGQGTRLEIK
4GXU,M,214,VQLVQSGGGVVQPRRSLRLSCAASGFTFSSYAMHWVRQAPGKGLEWVAVISDGRNKYYADSVKGRFTVSRDNSKNTLYLQMRAEDTSVYYCARELLMDYPTWGQGTLVTVSSASTKGPSVFPLAPSSKSTSGGTAALGCLVKDYFPEPVTVSWNSGALTSGVHTFPAVLQSSGLYSLSSVVTVPSSSLGTQTYICNVNHKPSNTKVDKRVEPKS,M,ok,H,human,IGHV3-30*01,human,0.8775510204081632,IGHJ5*01,human,0.7857142857142857,-VQLVQSGG-GVVQPRRSLRLSCAASGFTF----SSYAMHWVRQAPGKGLEWVAVISDG---RNKYYADSVK-GRFTVSRDNSKNTLYLQM---RAEDTSVYYCARELL---MDYPTWGQGTLVTVSS,VQLVQSGGGVVQPRRSLRLSCAAS,GFTFSSYA,MHWVRQAPGKGLEWVAV,ISDGRNK,YYADSVKGRFTVSRDNSKNTLYLQMRAEDTSVYYC,ARELLMDYPT,WGQGTLVTVSS
4GXU,M,214,VQLVQSGGGVVQPRRSLRLSCAASGFTFSSYAMHWVRQAPGKGLEWVAVISDGRNKYYADSVKGRFTVSRDNSKNTLYLQMRAEDTSVYYCARELLMDYPTWGQGTLVTVSSASTKGPSVFPLAPSSKSTSGGTAALGCLVKDYFPEPVTVSWNSGALTSGVHTFPAVLQSSGLYSLSSVVTVPSSSLGTQTYICNVNHKPSNTKVDKRVEPKS,M,ok,H,human,IGHV3-30*01,human,0.8775510204081632,IGHJ5*01,human,0.7857142857142857,-VQLVQSGG-GVVQPRRSLRLSCAASGFTF----SSYAMHWVRQAPGKGLEWVAVISDG---RNKYYADSVK-GRFTVSRDNSKNTLYLQM---RAEDTSVYYCARELL---MDYPTWGQGTLVTVSS,VQLVQSGGGVVQPRRSLRLSCAAS,GFTFSSYA,MHWVRQAPGKGLEWVAV,ISDGRNK,YYADSVKGRFTVSRDNSKNTLYLQMRAEDTSVYYC,ARELLMDYPT,WGQGTLVTVSS
5UGY,M,210,SVLTQPPSVSVAPGQTARITCGGNDIGRKSVHWNQQKPGQAPVLVVCYDSDRPSGIPERFSGSNSGNTATLTISRVEAGDEADYYCQVWDSSSDHVIFGGGTKLTVLGQPKAAPSVTLFPPSSEELQANKATLVCLISDFYPGAVTVAWKADSSPVKAGVETTTPSKQSNNKYAASSYLSLTPEQWKSHRSYSCQVTHEGSTVEKTVAPT,M,ok,L,human,IGLV3-21*02,human,0.9230769230769231,IGLJ2*01,human,0.9166666666666666,-SVLTQPPS-VSVAPGQTARITCGGNDIG------RKSVHWNQQKPGQAPVLVVCYD-------SDRPSGIP-ERFSGSN--SGNTATLTISRVEAGDEADYYCQVWDSS--SDHVIFGGGTKLTVL,SVLTQPPSVSVAPGQTARITCGGN,DIGRKS,VHWNQQKPGQAPVLVVC,YDS,DRPSGIPERFSGSNSGNTATLTISRVEAGDEADYYC,QVWDSSSDHVI,FGGGTKLTVL
6A4K,M,216,QVELTQSPSASASLGTSVKLTCTLSSGHSTYAIAWHQQRPGKGPRYLMNLSSGGRHTRGDGIPDRFSGSSSGADRYLIISSLQSEDEADYYCQTWDAGMVFGGGTKLTVLGQSKAAPSVTLFPPSSEELQANKATLVCLISDFYPGAVTVAWKADSSPVKAGVETTTPSKQSNNKYAASSYLSLTPEQWKSHRSYSCQVTHEGSTVEKTVAPTECS,M,ok,L,human,IGLV4-69*01,human,0.84375,IGLJ2*01,human,0.9166666666666666,QVELTQSPS-ASASLGTSVKLTCTLSSGHS-----TYAIAWHQQRPGKGPRYLMNLSSG---GRHTRGDGIP-DRFSGSS--SGADRYLIISSLQSEDEADYYCQTWD-----AGMVFGGGTKLTVL,QVELTQSPSASASLGTSVKLTCTLS,SGHSTYA,IAWHQQRPGKGPRYLMN,LSSGGRH,TRGDGIPDRFSGSSSGADRYLIISSLQSEDEADYYC,QTWDAGMV,FGGGTKLTVL
7UMM,M,218,DIVMTQSPASLAVSLGQRATISCRASKSVSTSGYSYIHWYQQKPGQPPKLLIYLATNLESGVPARFSGSGSGTDFTLNIHPVEEEDAATYYCQHSRDTPYTFGGGTKLEIKRTVAAPSVFIFPPSDEQLKSGTASVVCLLNNFYPREAKVQWKVDNALQSGNSQESVTEQDSKDSTYSLSSTLTLSKADYEKHKVYACEVTHQGLSSPVTKSFNRGEC,M,ok,K,mouse,IGKV3-12*01,mouse,0.9479166666666666,IGKJ2*01,mouse,1.0,DIVMTQSPASLAVSLGQRATISCRASKSVST--SGYSYIHWYQQKPGQPPKLLIYLA-------TNLESGVP-ARFSGSG--SGTDFTLNIHPVEEEDAATYYCQHSRD----TPYTFGGGTKLEIK,DIVMTQSPASLAVSLGQRATISCRAS,KSVSTSGYSY,IHWYQQKPGQPPKLLIY,LAT,NLESGVPARFSGSGSGTDFTLNIHPVEEEDAATYYC,QHSRDTPYT,FGGGTKLEIK
7UMM,M,218,DIVMTQSPASLAVSLGQRATISCRASKSVSTSGYSYIHWYQQKPGQPPKLLIYLATNLESGVPARFSGSGSGTDFTLNIHPVEEEDAATYYCQHSRDTPYTFGGGTKLEIKRTVAAPSVFIFPPSDEQLKSGTASVVCLLNNFYPREAKVQWKVDNALQSGNSQESVTEQDSKDSTYSLSSTLTLSKADYEKHKVYACEVTHQGLSSPVTKSFNRGEC,M,ok,K,mouse,IGKV3-12*01,mouse,0.9479166666666666,IGKJ2*01,mouse,1.0,DIVMTQSPASLAVSLGQRATISCRASKSVST--SGYSYIHWYQQKPGQPPKLLIYLA-------TNLESGVP-ARFSGSG--SGTDFTLNIHPVEEEDAATYYCQHSRD----TPYTFGGGTKLEIK,DIVMTQSPASLAVSLGQRATISCRAS,KSVSTSGYSY,IHWYQQKPGQPPKLLIY,LAT,NLESGVPARFSGSGSGTDFTLNIHPVEEEDAATYYC,QHSRDTPYT,FGGGTKLEIK
4GXU,N,207,PVLTQPPSASGSPGQRVTISCSGSSIGSYTVNWYQQLPGTAPKLLIYSLNQRPSGVPDRFSGSKSGTSASLAISGLQSEDEAVYYCAAWDDSLVVFGGGTKLTVGQPKAAPSVTLFPPSSEELQANKATLVCLISDFYPGAVTVAWKADSSPVKAGVETTTPSKQSNNKYAASSYLSLTPEQWKSHRSYSCQVTHEGSTVEKTVAPT,N,ok,L,human,IGLV1-44*01,human,0.8924731182795699,IGLJ2*01,human,0.9166666666666666,-PVLTQPPS-ASGSPGQRVTISCSGSSIG------SYTVNWYQQLPGTAPKLLIYSL-------NQRPSGVP-DRFSGSK--SGTSASLAISGLQSEDEAVYYCAAWDD----SLVVFGGGTKLTVG,PVLTQPPSASGSPGQRVTISCSGS,SIGSYT,VNWYQQLPGTAPKLLIY,SLN,QRPSGVPDRFSGSKSGTSASLAISGLQSEDEAVYYC,AAWDDSLVV,FGGGTKLTVG
4GXU,N,207,PVLTQPPSASGSPGQRVTISCSGSSIGSYTVNWYQQLPGTAPKLLIYSLNQRPSGVPDRFSGSKSGTSASLAISGLQSEDEAVYYCAAWDDSLVVFGGGTKLTVGQPKAAPSVTLFPPSSEELQANKATLVCLISDFYPGAVTVAWKADSSPVKAGVETTTPSKQSNNKYAASSYLSLTPEQWKSHRSYSCQVTHEGSTVEKTVAPT,N,ok,L,human,IGLV1-44*01,human,0.8924731182795699,IGLJ2*01,human,0.9166666666666666,-PVLTQPPS-ASGSPGQRVTISCSGSSIG------SYTVNWYQQLPGTAPKLLIYSL-------NQRPSGVP-DRFSGSK--SGTSASLAISGLQSEDEAVYYCAAWDD----SLVVFGGGTKLTVG,PVLTQPPSASGSPGQRVTISCSGS,SIGSYT,VNWYQQLPGTAPKLLIY,SLN,QRPSGVPDRFSGSKSGTSASLAISGLQSEDEAVYYC,AAWDDSLVV,FGGGTKLTVG
6Q0O,Z,232,QVQLQESGPGLVKPSGTLSLTCAVSGGSISSSQWWSWVRQPPGKGLEWIGEISHGVYTNYNPSLKSRVTISADKSQNQFSLNLSSVTAADTAVYYCARAPPYCSSASCPDDYYYFFLDVWGKGTTVTVSGASTKGPSVFPLAPSSKSTSGGTAALGCLVKDYFPEPVTVSWNSGALTSGVHTFPAVLQSSGLYSLSSVVTVPSSSLGTQTYICNVNHKPSNTKVDKRVEPKS,Z,ok,H,human,IGHV4-4*02,human,0.9183673469387755,IGHJ6*03,human,0.8571428571428571,QVQLQESGP-GLVKPSGTLSLTCAVSGGSIS---SSQWWSWVRQPPGKGLEWIGEISHG---VYTNYNPSLK-SRVTISADKSQNQFSLNLSSVTAADTAVYYCARAPPYCSSASCPDDYYYFFLDVWGKGTTVTVSG,QVQLQESGPGLVKPSGTLSLTCAVS,GGSISSSQW,WSWVRQPPGKGLEWIGE,ISHGVYT,NYNPSLKSRVTISADKSQNQFSLNLSSVTAADTAVYYC,ARAPPYCSSASCPDDYYYFFLDV,WGKGTTVTVSG
