PDB,Chain,Sequence ength,Sequence,species_or,species
3GBN,A,493,ADPGDTICIGYHANNSTDTVDTVLEKNVTVTHSVNLLEDSHNGKLCKLGIAPLQLGKCNIAGWLLGNPECDLLLTASWSYIVETSNSENTCYPGDFIDYEELREQLSSVSSFEKFEIFPSWPNHETTGVTAACSYAGASSFYRNLLWLTKKGSSYPKLSKSYVNNKGKEVLVLWGVHHPPTGTDQQSLYQNADAYVSVGSSKYNRRFTPEIAARPKVRDQAGRMNYYWTLLEPGDTITFEATGNLIAPWYAFALNRGSSGIITSDAPVHDCNTKCQTPHGAINSSLPFQNIHPVTIGECPKYVRSTKLRMATGLRNIPSIGLFGAIAGFIEGGWTGMIDGWYGYHHQNEQGSGYAADQKSTQNAIDGITNKVNSVIEKMNTQFTAVGKEFNNLERRIENLNKKVDDGFLDIWTYNAELLVLLENERTLDFHDSNVRNLYEKVKSQLKNNAKEIGNGCFEFYHKCDDACMESVRNGTYDYPKYSEESKLNREEI,Homo sapiens,human
3GBN,L,145,VLTQPPSVSAAPGQKVTISCSGSSIGNDYVSWYQQLPGTAPKLLIYDNNKRPSGIPDRFSGSKSGTSATLGITGLQTGDEANYYCATWDRRPVVFGGGTKLTVEELQANKATLVCLISDFYGVETTTPSKQSNNKYAASSYLSCQ,Homo sapiens,human
3GBN,H,152,EVQLVESGAEVKKPGSSVKVSCKASGGPFRSYAISWVRQAPGQGPEWMGGIIIFGTTKYAPKFQGRVTITADDFAGTVYMELRSEDTAMYYCAKHMGYQVDVWGKGTTVTVSSASTKGPSVFPLGCLVKDYFPEPVTTFPAVLQSSGLYSLS,Homo sapiens,human
3LZF,A,488,DTICIGYHANNSTDTVDTVLEKNVTVTHSVNLLEDSHNGKLCKLGIAPLQLGKCNIAGWLLGNPECDLLLTASWSYIVETSNSENTCYPGDFIDYEELREQLSSVSSFEKFEIFPSWPNHETTGVTAACSYAGASSFYRNLLWLTKKGSSYPKLSKSYVNNKGKEVLVLWGVHHPPTGTDQQSLYQNADAYVSVGSSKYNRRFTPEIAARPKVRDQAGRMNYYWTLLEPGDTITFEATGNLIAPWYAFALNRGSSGIITSDAPVHDCNTKCQTPHGAINSSLPFQNIHPVTIGECPKYVRSTKLRMATGLRNIPSGLFGAIAGFIEGGWTGMIDGWYGYHHQNEQGSGYAADQKSTQNAIDGITNKVNSVIEKMNTQFTAVGKEFNNLERRIENLNKKVDDGFLDIWTYNAELLVLLENERTLDFHDSNVRNLYEKVKSQLKNNAKEIGNGCFEFYHKCDDACMESVRNGTYDYPKYSEESKLNREEI,Homo sapiens,human
3LZF,L,206,PVLTQPPSASGTPGQRVTISCSGSSIGSNTVSWYQQVPGTAPKLLIYGNNERPSGVPDRFSGSKSATSASLAISGLQSEDEADYYCAAWDDSLWVFGGGTKLTVGQPKAAPSVTLFPPSSEELQANKATLVCLISDFYPGAVTVAWKADSSPVKAGVETTTPSKQSNNKYAASSYLSLTPEQWKSHKSYSCQVTHEGSTVEKTVAP,Homo sapiens,human
3LZF,H,202,VQLVESGPALVKPTQTLTLTCSFSGFSLSTSGMSWIRQPPGKALEWLALIDDDDTYYITYSLKTRLTISKDTSKSQVVLTMDPVDTATYYCARTLRVSGDLWGRGTLVTVSSASTKGPSVFPLAPTAALGCLVKDYFPEPVTVSWNSGALTSGVHTFPAVLQSSGLYSLSSVVTVPSSSLGTQTYICNVNHKPSNTKVDKRV,Homo sapiens,human
3ZTN,A,500,DTLCIGYHANNSTDTVDTVLEKNVTVTHSVNLLEDKHNGKLCKLRGVAPLHLGKCNIAGWILGNPECESLSTASSWSYIVETPSSDNGTCYPGDFIDYEELREQLSSVSSFERFEIFPKTSSWPNHDSNKGVTAACPHAGAKSFYKNLIWLVKKGNSYPKLSKSYINDKGKEVLVLWGIHHPSTSADQQSLYQNADTYVFVGSSRYSKKFKPEIAIRPKVRDQEGRMNYYWTLVEPGDKITFEATGNLVVPRYAFAMERNAGSGIIISDTPVHDCNTTCQTPKGAINTSLPFQNIHPITIGKCPKYVKSTKLRLATGLRNIPSIQSRGLFGAIAGFIEGGWTGMVDGWYGYHHQNEQGSGYAADLKSTQNAIDEITNKVNSVIEKMNTQFTAVGKEFNHLEKRIENLNKKVDDGFLDIWTYNAELLVLLENERTLDYHDSNVKNLYEKVRSQLKNNAKEIGNGCFEFYHKCDNTCMESVKNGTYDYPKYSEEAKLNREEI,Homo sapiens,human
3ZTN,L,146,DIVMTQSPDSLAVSLGERATINCKSSQNYKNYLAWYQQKPGQPPKLLIYWASTRESGVPDRFSGSGSGTDFTLTISSLQAEDVAVYYCQQHYRTPPTFGQGTKVEIKRTVAAPSVLLNNFYPQSGNSQESVTEQDSKDSTYSLSST,Homo sapiens,human
3ZTN,H,157,QVQLVESGGGVVQPGRSLRLSCAASGFTFSTYAMHWVRQAPGKGLEWVAVISDANYKYYADSVKGRFTISRDNSKNTLYLQMRAEDTAVYYCAKDSQLRSDYWGQGTLVTVSSASTKGPSCLVKDYFPEPTFPAVLQSSGLYSLSSVVNHKPSNTKV,Homo sapiens,human
4F15,J,255,KLRGVAPLHLGKCNIAGWILGNPECESLSTASSWSYIVETSSSDNGTCYPGDFIDYEELREQLSSVSSFERFEIFPKTSSWPNHDSNKGVTAACPHAGAKSFYKNLIWLVKKGNSYPKLSKSYINDKGKEVLVLWGIHHPSTSADQQSLYQNADAYVFVGSSRYSKKFKPEIAIRPKVRDQEGRMNYYWTLVEPGDKITFEATGNLVVPRYAFAMERNAGSGNKVNSVIEKMNTQFLDIWTYNAELLVLLENERT,Mus Musculus,mouse
4F15,L,203,IQMTQSPASLAVSPGQRATITCRASESVSNFINWFQQKPGQPPKLLIYTASNKGTGVPARFSGSGSGTDFTLTINPVEAEDTANYFCQQTKEVPYGTFGGTKLEIKRADAAPTVSIFPPSSEQLTSGASVVCFLNNFYPKINVKWKIDGSERQNGVLNSWTDQDSKDSTYSMSSTLTLYERHNSYTCEATHKTSTSPIVKSFN,Mus Musculus,mouse
4F15,K,208,VKLQESGAVVQPGGSLRLSCAASGFTGSDYDMSWIRQAPGKGLEWVSGILGGSERSYYRDSVKGRSTISRDNSRKTLYLEMNSLRAEDTAVYYCARHSWGGWGQGTTVTVSSASTKGPSVFPLAPSTSGGTAALGCLVKDYFPEPVTVSWNSGALTSSVHTFPAVLQSSGLYSLSSVVTVPSSSLGTQTYICNVNHKPSNTKVDKKSC,Mus Musculus,mouse
4GXU,A,488,PGDTICIGYHANNSTDTVDTVLEKNVTVTHSVNLLEDSHNGKLCKLGIAPLQLGKCNIAGWLLGNPECDLLLTASWSYIVETSNSENTCYPGDFIDYEELREQLSSVSSFEKFEIFPSWPNHETTGVTAACSYAGASSFYRNLLWLTKKGSSYPKLSKSYVNNKGKEVLVLWGVHHPPTGTDQQSLYQNADAYVSVGSSKYNRRFTPEIAARPKVRDQAGRMNYYWTLLEPGDTITFEATGNLIAPWYAFALNRGSSGIITSDAPVHDCNTKCQTPHGAINSSLPFQNIHPVTIGECPKYVRSTKLRMATGLRNIPSGLFGAIAGFIEGGWTGMIDGWYGYHHQNEQGSGYAADQKSTQNAIDGITNKVNSVIEKMNTQFTAVGKEFNNLERRIENLNKKVDDGFLDIWTYNAELLVLLENERTLDFHDSNVRNLYEKVKSQLKNNAKEIGNGCFEFYHKCDDACMESVRNGTYDYPKYSEESKLNRE,Homo sapiens,human
4GXU,N,207,PVLTQPPSASGSPGQRVTISCSGSSIGSYTVNWYQQLPGTAPKLLIYSLNQRPSGVPDRFSGSKSGTSASLAISGLQSEDEAVYYCAAWDDSLVVFGGGTKLTVGQPKAAPSVTLFPPSSEELQANKATLVCLISDFYPGAVTVAWKADSSPVKAGVETTTPSKQSNNKYAASSYLSLTPEQWKSHRSYSCQVTHEGSTVEKTVAPT,Homo sapiens,human
4GXU,M,214,VQLVQSGGGVVQPRRSLRLSCAASGFTFSSYAMHWVRQAPGKGLEWVAVISDGRNKYYADSVKGRFTVSRDNSKNTLYLQMRAEDTSVYYCARELLMDYPTWGQGTLVTVSSASTKGPSVFPLAPSSKSTSGGTAALGCLVKDYFPEPVTVSWNSGALTSGVHTFPAVLQSSGLYSLSSVVTVPSSSLGTQTYICNVNHKPSNTKVDKRVEPKS,Homo sapiens,human
4GXU,A,488,PGDTICIGYHANNSTDTVDTVLEKNVTVTHSVNLLEDSHNGKLCKLGIAPLQLGKCNIAGWLLGNPECDLLLTASWSYIVETSNSENTCYPGDFIDYEELREQLSSVSSFEKFEIFPSWPNHETTGVTAACSYAGASSFYRNLLWLTKKGSSYPKLSKSYVNNKGKEVLVLWGVHHPPTGTDQQSLYQNADAYVSVGSSKYNRRFTPEIAARPKVRDQAGRMNYYWTLLEPGDTITFEATGNLIAPWYAFALNRGSSGIITSDAPVHDCNTKCQTPHGAINSSLPFQNIHPVTIGECPKYVRSTKLRMATGLRNIPSGLFGAIAGFIEGGWTGMIDGWYGYHHQNEQGSGYAADQKSTQNAIDGITNKVNSVIEKMNTQFTAVGKEFNNLERRIENLNKKVDDGFLDIWTYNAELLVLLENERTLDFHDSNVRNLYEKVKSQLKNNAKEIGNGCFEFYHKCDDACMESVRNGTYDYPKYSEESKLNRE,Homo sapiens,human
4GXU,N,207,PVLTQPPSASGSPGQRVTISCSGSSIGSYTVNWYQQLPGTAPKLLIYSLNQRPSGVPDRFSGSKSGTSASLAISGLQSEDEAVYYCAAWDDSLVVFGGGTKLTVGQPKAAPSVTLFPPSSEELQANKATLVCLISDFYPGAVTVAWKADSSPVKAGVETTTPSKQSNNKYAASSYLSLTPEQWKSHRSYSCQVTHEGSTVEKTVAPT,Homo sapiens,human
4GXU,M,214,VQLVQSGGGVVQPRRSLRLSCAASGFTFSSYAMHWVRQAPGKGLEWVAVISDGRNKYYADSVKGRFTVSRDNSKNTLYLQMRAEDTSVYYCARELLMDYPTWGQGTLVTVSSASTKGPSVFPLAPSSKSTSGGTAALGCLVKDYFPEPVTVSWNSGALTSGVHTFPAVLQSSGLYSLSSVVTVPSSSLGTQTYICNVNHKPSNTKVDKRVEPKS,Homo sapiens,human
4HKX,E,212,APLQLGNCSVAGWILGNPECELLISRESWSYIVEKPNPENGTCYPGHFADYEELREQLSSVSSFERFEIFPKESSWPNHTTTGVSASCSHNGESSFYKNLLWLTGKNGLYPNLSKSYANNKEKEVLVLWGVHHPPNIGDQRALYHTENAYVSVVSSHYSRKFTPEIAKRPKVRDQEGRINYYWTLLEPGDTIIFEANGNLIAPRYAFALSRG,Homo sapiens,human
4HKX,B,201,QSALTQPPSVSVAPGQTATITCGGNNIGRKRVDWFQQKPGQAPVLVVYERFSDSNSGTTATLTISRVEAGDEADYYCQVWDSDSDHVVFGGGTKLTVLGQPKAAPSVTLFPPSSEELQANKATLVCLISDFYPGAVTVAWKADSSPVKAGVETTTPSKQSNNKYAASSYLSLTPEQWKSHRSYSCQVTHEGSTVEKTVAPT,Homo sapiens,human
4HKX,A,226,QVQLVQSGAEVRKPGASVKVSCKASGYTFTDNYIHWVRQAPGQGLEWMGWIHPNSGATKYAQKFEGWVTMTRDTSISTVYMELSRSRSDDTAVYYCARAGLEPRSVDYYFYGLDVWGQGTAVTVSSASTKGPSVFPLAPSSKSTSGGTAALGCLVKDYFPEPVTVSWNSGALTSGVHTFPAVLQSSGLYSLSSVVTVPSSSLGTQTYICNVNHKPSNTKVDKRVEP,Homo sapiens,human
4HKX,E,212,APLQLGNCSVAGWILGNPECELLISRESWSYIVEKPNPENGTCYPGHFADYEELREQLSSVSSFERFEIFPKESSWPNHTTTGVSASCSHNGESSFYKNLLWLTGKNGLYPNLSKSYANNKEKEVLVLWGVHHPPNIGDQRALYHTENAYVSVVSSHYSRKFTPEIAKRPKVRDQEGRINYYWTLLEPGDTIIFEANGNLIAPRYAFALSRG,Homo sapiens,human
4HKX,B,201,QSALTQPPSVSVAPGQTATITCGGNNIGRKRVDWFQQKPGQAPVLVVYERFSDSNSGTTATLTISRVEAGDEADYYCQVWDSDSDHVVFGGGTKLTVLGQPKAAPSVTLFPPSSEELQANKATLVCLISDFYPGAVTVAWKADSSPVKAGVETTTPSKQSNNKYAASSYLSLTPEQWKSHRSYSCQVTHEGSTVEKTVAPT,Homo sapiens,human
4HKX,A,226,QVQLVQSGAEVRKPGASVKVSCKASGYTFTDNYIHWVRQAPGQGLEWMGWIHPNSGATKYAQKFEGWVTMTRDTSISTVYMELSRSRSDDTAVYYCARAGLEPRSVDYYFYGLDVWGQGTAVTVSSASTKGPSVFPLAPSSKSTSGGTAALGCLVKDYFPEPVTVSWNSGALTSGVHTFPAVLQSSGLYSLSSVVTVPSSSLGTQTYICNVNHKPSNTKVDKRVEP,Homo sapiens,human
4HKX,E,212,APLQLGNCSVAGWILGNPECELLISRESWSYIVEKPNPENGTCYPGHFADYEELREQLSSVSSFERFEIFPKESSWPNHTTTGVSASCSHNGESSFYKNLLWLTGKNNLYPNLSKSYANNKEKEVLVLWGVHHPPNIGDQRALYHTENAYVSVVSSHYSRKFTPEIAKRPKVRDQEGRINYYWTLLEPGDTIIFEANGNLIAPRYAFALSRG,Homo sapiens,human
4HKX,B,201,QSALTQPPSVSVAPGQTATITCGGNNIGRKRVDWFQQKPGQAPVLVVYERFSDSNSGTTATLTISRVEAGDEADYYCQVWDSDSDHVVFGGGTKLTVLGQPKAAPSVTLFPPSSEELQANKATLVCLISDFYPGAVTVAWKADSSPVKAGVETTTPSKQSNNKYAASSYLSLTPEQWKSHRSYSCQVTHEGSTVEKTVAPT,Homo sapiens,human
4HKX,A,226,QVQLVQSGAEVRKPGASVKVSCKASGYTFTDNYIHWVRQAPGQGLEWMGWIHPNSGATKYAQKFEGWVTMTRDTSISTVYMELSRSRSDDTAVYYCARAGLEPRSVDYYFYGLDVWGQGTAVTVSSASTKGPSVFPLAPSSKSTSGGTAALGCLVKDYFPEPVTVSWNSGALTSGVHTFPAVLQSSGLYSLSSVVTVPSSSLGTQTYICNVNHKPSNTKVDKRVEP,Homo sapiens,human
4HKX,E,212,APLQLGNCSVAGWILGNPECELLISRESWSYIVEKPNPENGTCYPGHFADYEELREQLSSVSSFERFEIFPKESSWPNHTTTGVSASCSHNGESSFYKNLLWLTGKNDLYPNLSKSYANNKEKEVLVLWGVHHPPNIGDQRALYHTENAYVSVVSSHYSRKFTPEIAKRPKVRDQEGRINYYWTLLEPGDTIIFEANGNLIAPRYAFALSRG,Homo sapiens,human
4HKX,B,201,QSALTQPPSVSVAPGQTATITCGGNNIGRKRVDWFQQKPGQAPVLVVYERFSDSNSGTTATLTISRVEAGDEADYYCQVWDSDSDHVVFGGGTKLTVLGQPKAAPSVTLFPPSSEELQANKATLVCLISDFYPGAVTVAWKADSSPVKAGVETTTPSKQSNNKYAASSYLSLTPEQWKSHRSYSCQVTHEGSTVEKTVAPT,Homo sapiens,human
4HKX,A,226,QVQLVQSGAEVRKPGASVKVSCKASGYTFTDNYIHWVRQAPGQGLEWMGWIHPNSGATKYAQKFEGWVTMTRDTSISTVYMELSRSRSDDTAVYYCARAGLEPRSVDYYFYGLDVWGQGTAVTVSSASTKGPSVFPLAPSSKSTSGGTAALGCLVKDYFPEPVTVSWNSGALTSGVHTFPAVLQSSGLYSLSSVVTVPSSSLGTQTYICNVNHKPSNTKVDKRVEP,Homo sapiens,human
4HKX,E,212,APLQLGNCSVAGWILGNPECELLISRESWSYIVEKPNPENGTCYPGHFADYEELREQLSSVSSFERFEIFPKESSWPNHTTTGVSASCSHNGESSFYKNLLWLTGKNGLYPNLSKSYANNKEKEVLVLWGVHHPPNIGDQRALYHTENAYVSVVSSHYSRKFTPEIAKRPKVRDQEGRINYYWTLLEPGDTIIFEANGNLIAPRYAFALSRG,Homo sapiens,human
4HKX,B,201,QSALTQPPSVSVAPGQTATITCGGNNIGRKRVDWFQQKPGQAPVLVVYERFSDSNSGTTATLTISRVEAGDEADYYCQVWDSDSDHVVFGGGTKLTVLGQPKAAPSVTLFPPSSEELQANKATLVCLISDFYPGAVTVAWKADSSPVKAGVETTTPSKQSNNKYAASSYLSLTPEQWKSHRSYSCQVTHEGSTVEKTVAPT,Homo sapiens,human
4HKX,A,226,QVQLVQSGAEVRKPGASVKVSCKASGYTFTDNYIHWVRQAPGQGLEWMGWIHPNSGATKYAQKFEGWVTMTRDTSISTVYMELSRSRSDDTAVYYCARAGLEPRSVDYYFYGLDVWGQGTAVTVSSASTKGPSVFPLAPSSKSTSGGTAALGCLVKDYFPEPVTVSWNSGALTSGVHTFPAVLQSSGLYSLSSVVTVPSSSLGTQTYICNVNHKPSNTKVDKRVEP,Homo sapiens,human
4HKX,E,212,APLQLGNCSVAGWILGNPECELLISRESWSYIVEKPNPENGTCYPGHFADYEELREQLSSVSSFERFEIFPKESSWPNHTTTGVSASCSHNGESSFYKNLLWLTGKNKLYPNLSKSYANNKEKEVLVLWGVHHPPNIGDQRALYHTENAYVSVVSSHYSRKFTPEIAKRPKVRDQEGRINYYWTLLEPGDTIIFEANGNLIAPRYAFALSRG,Homo sapiens,human
4HKX,B,201,QSALTQPPSVSVAPGQTATITCGGNNIGRKRVDWFQQKPGQAPVLVVYERFSDSNSGTTATLTISRVEAGDEADYYCQVWDSDSDHVVFGGGTKLTVLGQPKAAPSVTLFPPSSEELQANKATLVCLISDFYPGAVTVAWKADSSPVKAGVETTTPSKQSNNKYAASSYLSLTPEQWKSHRSYSCQVTHEGSTVEKTVAPT,Homo sapiens,human
4HKX,A,226,QVQLVQSGAEVRKPGASVKVSCKASGYTFTDNYIHWVRQAPGQGLEWMGWIHPNSGATKYAQKFEGWVTMTRDTSISTVYMELSRSRSDDTAVYYCARAGLEPRSVDYYFYGLDVWGQGTAVTVSSASTKGPSVFPLAPSSKSTSGGTAALGCLVKDYFPEPVTVSWNSGALTSGVHTFPAVLQSSGLYSLSSVVTVPSSSLGTQTYICNVNHKPSNTKVDKRVEP,Homo sapiens,human
4HKX,E,212,APLQLGNCSVAGWILGNPECELLISRESWSYIVEKPNPENGTCYPGHFADYEELREQLSSVSSFERFEIFPKESSWPNHTTTGVSASCSHNGESSFYKNLLWLTGKNSLYPNLSKSYANNKEKEVLVLWGVHHPPNIGDQRALYHTENAYVSVVSSHYSRKFTPEIAKRPKVRDQEGRINYYWTLLEPGDTIIFEANGNLIAPRYAFALSRG,Homo sapiens,human
4HKX,B,201,QSALTQPPSVSVAPGQTATITCGGNNIGRKRVDWFQQKPGQAPVLVVYERFSDSNSGTTATLTISRVEAGDEADYYCQVWDSDSDHVVFGGGTKLTVLGQPKAAPSVTLFPPSSEELQANKATLVCLISDFYPGAVTVAWKADSSPVKAGVETTTPSKQSNNKYAASSYLSLTPEQWKSHRSYSCQVTHEGSTVEKTVAPT,Homo sapiens,human
4HKX,A,226,QVQLVQSGAEVRKPGASVKVSCKASGYTFTDNYIHWVRQAPGQGLEWMGWIHPNSGATKYAQKFEGWVTMTRDTSISTVYMELSRSRSDDTAVYYCARAGLEPRSVDYYFYGLDVWGQGTAVTVSSASTKGPSVFPLAPSSKSTSGGTAALGCLVKDYFPEPVTVSWNSGALTSGVHTFPAVLQSSGLYSLSSVVTVPSSSLGTQTYICNVNHKPSNTKVDKRVEP,Homo sapiens,human
4LVH,J,222,PLHLGKCNIAGWILGNPECESLSTASSWSYIVETSSSDNGTCYPGDFIDYEELREQLSSVSSFERFEIFPKTSSWPNHDSNKGVTAACPHAGAKSFYKNLIWLVKKGNSYPKLSKSYINDKGKEVLVLWGIHHPSTSADQQSLYQNADAYVFVGSSRYSKKFKPEIAIRPKVRDQEGRMNYYWTLVEPGDKITFEATGNLVVPRYAFAMERNAGSGIIISDT,Mus Musculus,mouse
4LVH,L,209,IQMTQSPASLAVSPGQRATITCRAESVSNYGINFINWFQQKPGQPPKLLIYTASNKGTGVPARFSGSGSGTDFTLTINPVEAEDTANYFCQQTKEVPYTFGGGTKLEIKRADAAPTVSIFPPSSEQLTSGGASVVCFLNNFYPKINVKWKIDGSERQNGVLNSWTDQDSKDSTYSMSSTLTLDEYERHNSYTCEATHKTSTSPIVKSFN,Mus Musculus,mouse
4LVH,K,218,KLQQSGGGVVQPGGSLRLSCAASGFTFSDYDMSWIRQAPGKGLEWVSGILGGSERSYYRDSVKGRFTISRDNSRKTLYLQMNSLRAEDTAVYYCARHGSPGYTLYAWDYWGQGTMVTVSSASTKGPSVFPLAPSTSGATAALGCLVKDYFPEPVTVSWNSGALTSSVHTFPAVLQSSGLYSLSSVVTVPSSSLGTQTYICNVNHKPSNTKVDKKSCAA,Mus Musculus,mouse
4M5Z,A,204,GVAPLHLGKCNIAGWILGNPECETASWSYIVETSDNTCYPGDFIDYEELREQLSSVSSFERFEIFPSWPNHDSNGVTAACPHAGAKSFYKNLIWLVKKGNSYPKLSKSYINDKGKEVLVLWGIHHPSTSADQQSLYQNADAYVFVGSSRYSKKFKPEIAIRPKVRDQEGRMNYYWTLVEPGDKITFEATGNLVVPRYAFAMERN,Homo sapiens,human
4M5Z,L,209,SYVLTQPPSVSVAPGETARISCGGNNIGTKVLHWYQQTPGQAPVLVVYDDSDRPSGIPERFSGSNSGNTATLTISRVEVGDEADYYCQVWDISTAVFGGGTKLTVGQPKAAPSVTLFPPSSEELQANKATLVCLISDFYPGAVTVAWKADSSPVKAGVETTTPSKQSNNKYAASSYLSLTPEQWKSHRSYSCQVTHEGSTVEKTVAPTE,Homo sapiens,human
4M5Z,H,209,EVQLVESGPGLVKPSDILSLTCAVSGYSISSNYYWWIRQPPGKGLEWIGSIYHSGSTYYKPSLESRLGISVDTSKNQFSLKLSAADTAVYYCARHVRSGYDKWGQGTLVTVSSASTKGPSVFPLAPSGTAALGCLVKDYFPEPVTVSWNSGALTSGVHTFPAVLQSSGLYSLSSVVTVPSSSLGTQTYICNVNHKPSNTKVDKRVEPKS,Homo sapiens,human
4PY8,A,499,ADPGDTICIGYHANNSTDTVDTVLEKNVTVTHSVNLLEDSHNGKLCKLKGIAPLQLGKCNIAGWLLGNPECDLLLTASSWSYIVETSNSENGTCYPGDFIDYEELREQLSSVSSFEKFEIFPKTSSWPNHETTKGVTAACSYAGASSFYRNLLWLTKKGSSYPKLSKSYVNNKGKEVLVLWGVHHPPTGTDQQSLYQNADAYVSVGSSKYNRRFTPEIAARPKVRDQAGRMNYYWTLLEPGDTITFEATGNLIAPWYAFALNRGSGSGIITSDAPVHDCNTKCQTPHGAINSSLPFQNIHPVTIGECPKYVRSTKLRMATGLRNIPSIGLFGAIAGFIEGGWTGMIDGWYGYHHQNEQGSGYAADQKSTQNAIDGITNKVNSVIEKMNTQAVGKEFNNLERRIENLNKKVDDGFLDIWTYNAELLVLLENERTLDFHDSNVRNLYEKVKSQLKNNAKEIGNGCFEFYHKCDDACMESVRNGTYDYPKYSEESKLNREEI,Homo sapiens,human
4PY8,J,212,ELQMTQSPSSVSASVGDRVTITCRASQGISSWLAWYQQKPGKAPKLLIYAASSLQSGVPSRFSGSGSGTDFTLTISSLQPEDFATYYCQQANSFPLTFGGGTKVEIKRTVAAPSVFIFPPSDEQLKSGTASVVCLLNNFYPREAKVQWKVDNALQSGNSQESVTEQDSKDSTYSLSSTLTLSKADYEKHKVYACEVTHQGLSSPVTKSFNRG,Homo sapiens,human
4PY8,I,219,QVQLVQSGGGVVQPGRSLRLSCAASEFTFRMYATHWVRQAPGKGLEWVALISYDGSNKYYADSVKGRFTISRDNSMNTVYLQMNTLRPEDTAVYYCARDLGGYFIRGIMDVWGQGTLVTVSSASTKGPSVFPLAPSSGGTAALGCLVKDYFPEPVTVSWNSGALTSGVHTFPAVLQSSGLYSLSSVVTVPSSSLGTQTYICNVNHKPSNTKVDKRVEPK,Homo sapiens,human
4YJZ,E,212,APLQLGNCSVAGWILGNPECELLISRESWSYIVEKPNPENGTCYPGHFADYEELREQLSSVSSFERFEIFPKESSWPNHTTTGVSASCSHNGESSFYKNLLWLTGKNGLYPNLSKSYANNKEKEVLVLWGVHHPPNIGDQRALYHTENAYVSVVSSHYSRKFTPEIAKRPKVRDQEGRINYYWTLLEPGDTIIFEANGNLIAPRYAFALSRG,Homo sapiens,human
4YJZ,L,234,VLTQPLSAPGTPGQRVTISCSGSSSNVGTNAVDWYQRLPGTAPKLLIYYNNQRPSGVPDRFSGSKSGTSASLAISGLRSEDEADYYCATWDNSLNDRVFGGGTKLTVLQVQLVQSGAEVRKPGSSVKVSCKASRGTFSNHAVSWVRQAPGHGLEWLGGLIPIFSTPHYAQKFQGRVTITADESTNTVHMELSSLRSEDTAVYYCAREIPGATSGPDHFFFYGMDVWGQGTTVAV,Homo sapiens,human
4YK4,A,206,QLGNCSVAGWILGNPECELLISRESWSYIVEKPNPENGTCYPGHFADYEELREQLSSVSSFERFEIFPKESSWPNHTTTGVSASCSHNGESSFYKNLLWLTGKNGLYPNLSKSYANNKEKEVLVLWGVHHPPNIGDQRALYHTENAYVSVVSSHYSRKFTPEIAKRPKVRDQEGRINYYWTLLEPGDTIIFEANGNLIAPRYAFAL,Homo sapiens,human
4YK4,B,211,DIQMTQSPSSLSASVGDRVTITCRASQSISSYLNWYQQKPGKAPKLLIYAASSLQSGVPSRFSGSGSGTDFTLTISSLQPEDFATYYCQQSYSIPLTFGQGTRLEIKRTVAAPSVFIFPPSDEQLKSGTASVVCLLNNFYPREAKVQWKVDNALQSGNSQESVTEQDSKDSTYSLSSTLTLSKADYEKHKVYACEVTHQGLSSPVTKSFNR,Homo sapiens,human
4YK4,C,220,QVQLQESGPGLVKPSETLSLTCTVSGGSISSYYWSWIRQPPGKGLEWIGYIYYSGSTDYNPSLKSRVTISVDTSKNQFSLKLSSVTAADTAVYYCARRRSDFETVDFIYHYMDVWGKGTTVTVSSASTKGPSVFPLAPSGGTAALGCLVKDYFPEPVTVSWNSGALTSGVHTFPAVLQSSGLYSLSSVVTVPSSSLGTQTYICNVNHKPSNTKVDKRVEP,Homo sapiens,human
5GJS,A,487,SDTLCIGYHANNSTDTVDTVLEKNVTVTHSVNLLEDKHNGKLCKLRGVAPLHLGKCNIAGWILGNPECESTASSWSYIVETPSSDNGTCYPGDFIDYEELREQLSSVSSFERFEIFPKTSSWPNHDSNKGVTAACPHAGAKSFYKNLIWLVKKGNSYPKLSKSYINDKGKEVLVLWGIHHPSTSADQQSLYNADTYVFVCSSRYSKKFKPEIAICPKVRDQEGRMNYYWTLVEPGDKITFEATGNLVVPRYAFAMERNASGIIISDTPVHDCNTTCQTPKGAINTSLPFQNIHPITIGKCPKYVKSTKLRLATGLRNIPSGAIAFIEGGWTGMVDGWYGYHHQNEQGSGYAADLKSTQNAIDEITNKVNSVIEKMNTQFTAVGKEFNHLEKRIENLNKKVDDGFLDIWTYNAELLVLLENERTLDYHDSNVKNLYEKVRSQLKNNAKEIGNGCFEFYHKCDNTCMESVKNGTYDYPKYSEEAKLNRE,Homo sapiens,human
5GJS,L,207,DIQMTQSPATLSASVGDRVSITCRASQSISSWLAWYQQKPGKAPKLLIYKASSLESGVPSRFSGSGSGSEFTLTISSLQPDDFAIYYCQQYNSYPWTFGQGTKVEIKRTVAAPSVFIFPPSDEQLKSGTASVVCLLNNFYPREAKVQWKVNALQSNSQESVTEQDSKDSTYSLSSTLTLDYEKHKVYACEVTHQGLSSPVTKSFNRG,Homo sapiens,human
5GJS,H,211,QVQLQESGPGLVKPSETLSLTCSVSGASISSYYWIWIRQPAKGLEWIGRFYTSGSPNYNPSLRSRVTMSVDTSKNQFSLKLTSVTAADTAVYYCAREEHITFGGVIVRYWGQGTLVTVSPASTKGPSVFPLAPTAALGCLVKDYFPEPVTVSWNSGALTSGVHTFPAVLQSSGLYSLSSVVTVPSSSLGQTYICNVNHKPSNTKVDKKVEP,Homo sapiens,human
5K9O,I,458,DTLCIGYHANNSTDTVDTVLEKNVTVTHSVNLLEDKHNGKLCKLRVAPLHLGKCNIAGWILGNPECESLSTASWSYIVETSSDNGTCYPGDFIDYEELREQLSSVSRFEIFPKTSSWPNHDSNGVTAACPHAGAKSFYKNLIWLVKKGNSYPKLSKSYINDKGKEVLVLWGIHHPSTSADQQSLYQNADTYVFVGSSRYSKKFKPEIAIRPKVRDQEGRMNYYWTLVEPGDKITFEATGNLVVPRYAFAMERNAGSIIISDTPVHDCNTTCQTPKGAINTSLPFQNIHPITIGKCPKYVKSTKLRLATGLRNIPSIQSRGGFIEGGWTGMVDGWYGYHHQNEQGSGYAADLKSTQNAIDEITNKVNSVIEKMNTQDGFLDIWTYNAELLVLLENERTLDYHDSNVKNLYEKVRSQLKNNAKEIGNGCFEFYHKCDNTCMESVKNGTYDYPKYSEEAKL,Homo sapiens,human
5K9O,L,217,DVVMTQSPVSLPVTLGQPASISCRSSQGLVYIDGNTYLNWFQQRPGQSPRRLIYNVFTRDSGVPDRFSGSGSGTDFTLKITTVEAEDVGVYYCMQGTHWPYTFGQGTKVEITVAAPSVFIFPPSDEQLKSGTASVVCLLNNFYPREAKVQWKVDNALQSGNSQESVTEQDSKDSTYSLSSTLTLSKADYEKHKVYACEVTHQGLRSPVTKSFNRGEC,Homo sapiens,human
5K9O,H,221,QVQLVQSGAEVKKPGASVKVSCKASGYSFSSYGISWVRQAPGQGLEWMGWISAYNGNTNYAQKLQGRVTMTTDTSTSTAYMELRSLRSDDTAVFYCARDRPHILTGFDFDYWGQGTLVTSTKGPSVFPLAPSSKSTSGGTAALGCLVKDYFPEPVTVSWNSGALTSGVHTFPAVLQSSGLYSLSSVVTVPSSSLGTQTYICNVNHKPSNTKVDKKVEPKSC,Homo sapiens,human
5UG0,A,496,EDTICIGYHANNSTDTVDTVLEKNVTVTHSVNLLEDSHNGKLCLLKGIAPLQLGNCSVAGWILGNPECELLISRESWSYIVEKPNPENGTCYPGHFADYEELREQLSSVSSFERFEIFPKESSWPNHTTTGVSASCSHNGESSFYKNLLWLTGKNGLYPNLSKSYANNKEKEVLVLWGVHHPPNIGDQRALYHTENAYVSVVSSHYSRKFTPEIAKRPKVRDREGRINYYWTLLEPGDTIIFEANGNLIAPRYAFALSRGFGSGIINSNAPMDECDAKCQTPQGAINSSLPFQNVHPVTIGECPKYVRSAKLRMVTGLRNIPSIQSGAIAGFIEGGWTGMVDGWYGYHHQNEQGSGYAADQKSTQNAINGITNKVNSVIEKMNTQFTAVGKEFNKLERRMENLNKKVDDGFIDIWTYNAELLVLLENERTLDFHDSNVKNLYEKVKSQLKNNAKEIGNGCFEFYHKCNDECMESVKNGTYDYPKYSEESKLNREKI,Homo sapiens,human
5UG0,C,212,EIVLTQSPGTLSLSPGEKATLSCRASQSVSSYYLGWYQQKPGQAPRLLIYETSRRATGIPDRFSGSGSGTDFTLTISGLEPEDFAVYYCQHYGVSPVITFGGGTKVEIKRTVAAPSVFIFPPSDEQLKSGTASVVCLLNNFYPREAKVQWKVDNALQSGNSQESVTEQDSKDSTYSLSSTLTLSKADYEKHKVYACEVTHQGLSSPVTKSFN,Homo sapiens,human
5UG0,D,227,EVQLVESGGGLVQPGGSLRLSCAASGFTFNIYDMHWVRQAPGKGLEWVSSITTAGDTYYPGSVKGRFTTSRENAKNSLYLQMNSLRAGDTGVYYCTRGVREVGATGDDPFYYGMYVWGQGTTVTVSGASTKGPSVFPLAPSSKSTSGGTAALGCLVKDYFPEPVTVSWNSGALTSGVHTFPAVLQSSGLYSLSSVVTVPSSSLGTQTYICNVNHKPSNTKVDKRVEP,Homo sapiens,human
5UGY,C,323,EDTICIGYHANNSTDTVDTVLEKNVTVTHSVNLLEDSHNGKLCLLKGIAPLQLGNCSVAGWILGNPECELLISRESWSYIVEKPNPENGTCYPGHFADYEELREQLSSVSSFERFEIFPKESSWPNHTTTGVSASCSHNGESSFYKNLLWLTGKNGLYPNLSKSYANNKEKEVLVLWGVHHPPNIGDQRALYHTENAYVSVVSSHYSRKFTPEIAKRPKVRDREGRINYYWTLLEPGDTIIFEANGNLIAPRYAFALSRGFGSGIINSNAPMDECDAKCQTPQGAINSSLPFQNVHPVTIGECPKYVRSAKLRMVTGLRNIPS,Homo sapiens,human
5UGY,M,210,SVLTQPPSVSVAPGQTARITCGGNDIGRKSVHWNQQKPGQAPVLVVCYDSDRPSGIPERFSGSNSGNTATLTISRVEAGDEADYYCQVWDSSSDHVIFGGGTKLTVLGQPKAAPSVTLFPPSSEELQANKATLVCLISDFYPGAVTVAWKADSSPVKAGVETTTPSKQSNNKYAASSYLSLTPEQWKSHRSYSCQVTHEGSTVEKTVAPT,Homo sapiens,human
5UGY,I,221,EVQLVQSGAEVKKPGASVKVSCKASGYTFTDYHINWVRQAPGQGLEWMGWIHPNSGDTNYAQKFQGWVTMTRDTAISTAYMEVNGLKSDDTAVYYCARGGLEPRSVDYYYYGMDVWGQGTTVTVSSASTKGPSVFPLAPSGTAALGCLVKDYFPEPVTVSWNSGALTSGVHTFPAVLQSSGLYSLSSVVTVPSSSLGTQTYICNVNHKPSNTKVDKRVEPK,Homo sapiens,human
5UJZ,E,496,EDTICIGYHANNSTDTVDTVLEKNVTVTHSVNLLEDSHNGKLCLLKGIAPLQLGNCSVAGWILGNPECELLISRESWSYIVEKPNPENGTCYPGHFADYEELREQLSSVSSFERFEIFPKESSWPNHTTTGVSASCSHNGESSFYKNLLWLTGKNGLYPNLSKSYANNKEKEVLVLWGVHHPPNIGDQRALYHTENAYVSVVSSHYSRKFTPEIAKRPKVRDREGRINYYWTLLEPGDTIIFEANGNLIAPRYAFALSRGFGSGIINSNAPMDECDAKCQTPQGAINSSLPFQNVHPVTIGECPKYVRSAKLRMVTGLRNIPSGLFGAIAGFIEGGWTGMVDGWYGYHHQNEQGSGYAADQKSTQNAINGITNKVNSVIEKMNTQFTAVGKEFNKLERRMENLNKKVDDGFIDIWTYNAELLVLLENERTLDFHDSNVKNLYEKVKSQLKNNAKEIGNGCFEFYHKCNDECMESVKNGTYDYPKYSEESKLNREKI,Homo sapiens,human
5UJZ,I,236,EIVLTQSPGTLSLSPGERATLSCRASQSISGYYLTWYQQKPGQAPRLLIYGASSRATGIPDRFSGSGSGTDFTLTISRLEPEDFAVYYCQQYGISPVITFGGGTNVEIKGVQLVESGGGLVQPGGSLRLSCAASGFTFNIYDMHWVRQAPGKGLEWVSGLTTGGDTSYSGSVRGRFSISRENAKNSLYLQMNNLRAGDTAAYFCVRGVREVGATGGDPFYYAMAVWGQGTTVTVSS,Homo sapiens,human
5W6G,A,494,YLLEDTICIGYHANNSTDTVDTVLEKNVTVTHSVNLLEDSHNGKLCLLKGIAPLQLGNCSVAGWILGNPECELLISRESWSYIVEKPNPENGTCYPGHFADYEELREQLSSVSSFERFEIFPKESSWPNHTTTGVSASCSHNGESSFYKNLLWLTGKNGLYPNLSKSYANNKEKEVLVLWGVHHPPNIGDQRALYHTENAYVSVVSSHYSRKFTPEIAKRPKVRDREGRINYYWTLLEPGDTIIFEANGNLIAPRYAFALSRGFGSGIINSNAPMDECDAKCQTPQGAINSSLPFQNVHPVTIGECPKYVRSAKLRMVTGLRNIPSAIAGFIEGGWTGMVDGWYGYHHQNEQGSGYAADQKSTQNAINGITNKVNSVIEKMNTQFTAVGKEFNKLERRMENLNKKVDDGFIDIWTYNAELLVLLENERTLDFHDSNVKNLYEKVKSQLKNNAKEIGNGCFEFYHKCNDECMESVKNGTYDYPKYSEESKLNREK,Homo sapiens,human
5W6G,L,214,SVLTQPPSVSGAPGQRVSISCTGTHSNIGAGFDVHWYQQLPGTAPKLLIYANNNRPSGVPDRFSGSKSGSSASLAITGLQAEDEADYYCQSFDSILSGDLVFGGGTKLTVLGQPKGAPSVTLFPPSSEELQANKATLVCLISDFYPGAVTVAWKADSSPVKAGVETTTPSKQSNNKYAASSYLSLTPEQWKSHRSYSCQVTHEGSTVEKTVAPT,Homo sapiens,human
5W6G,H,225,QVQLQESGPGLVKTSETLSLTCTVSGGSIKNKDFFWAWIRQPPGKALEWIGSVFYSGGAYYNWSLRNRVTMSADTSKNQFSLKMTSVTASDTSFYYCATSYVDNWHAGLHWFDSWGRGTLVTVSGASTKGPSVFPLAPSSKSTSGGTVALGCLVKDYFPEPVTVSWNSGALTSGVHTFPAVLQSSGLYSLSSVVTVPSSSLGTQTYICNVNHKPSNTKVDKRVEP,Homo sapiens,human
5XHV,E,283,NLLEDKHNGKLCKLRGVAPLHLGKCNIAGWILGNPECESLSTASSWSYIVETPSSDNGTCYPGDFIDYEELREQLSSVSSFERFEIFPKTSSWPNHDSNKGVTAACPHAGAKSFYKNLIWLVKKGNSYPKLSKSYINDKGKEVLVLWGIHHPSTSADQQSLYQNADAYVFVGSSRYSKKFKPEIAIRPKVRDQEGRMNYYWTLVEPGDKITFEATGNLVVPRYAFAMERNAGSGIIISDTPVHDCNTTCQTPKGAINTSLPFQNIHPITIGKCPKYVKSTKLR,Homo sapiens,human
5XHV,L,214,DIQMTQSPSSLSASVGDRVTITCRASQDVGFYVAWYQQKPGKAPKLLISWSSYLYSGVPSRFSGSGSGTDFTLTISSLQPEDFATYYCQQYYNYPLTFGQGTKVEIKRTVAAPSVFIFPPSDEQLKSGTASVVCLLNNFYPREAKVQWKVDNALQSGNSQESVTEQDSKDSTYSLSSTLTLSKADYEKHKVYACEVTHQGLSSPVTKSFNRGEC,Homo sapiens,human
5XHV,H,223,EVQLVESGGGLVQPGGSLRLSCAASGFTIGDFGIHWVRQAPGKGLEWVAGIWPFGGYTYYADSVKGRFTISADTSKNTAYLQMNSLRAEDTAVYYCARFVNWDGDYMDYWGQGTLVTVSSASTKGPSVFPLAPSSKSTSGGTAALGCLVKDYFPEPVTVSWNSGALTSGVHTFPAVLQSSGLYSLSSVVTVPSSSLGTQTYICNVNHKPSNTKVDKKAEPKSC,Homo sapiens,human
6A4K,B,221,APLHLGKCNIAGWILGNPECESLSTASSWSYIVETPSSDNGTCYPGDFIDYEELREQLSSVSSFERFEIFPKTSSWPNHDSNKGVTAACPHAGAKSFYKNLIWLVKKGNSYPKLSKSYINDKGKEVLVLWGIHHPSTSADQQSLYQNADAYVFVGSSRYSKKFKPEIAIRPKVRDQEGRMNYYWTLVEPGDKITFEATGNLVVPRYAFAMERNAGSGIIIS,Homo sapiens,human
6A4K,M,216,QVELTQSPSASASLGTSVKLTCTLSSGHSTYAIAWHQQRPGKGPRYLMNLSSGGRHTRGDGIPDRFSGSSSGADRYLIISSLQSEDEADYYCQTWDAGMVFGGGTKLTVLGQSKAAPSVTLFPPSSEELQANKATLVCLISDFYPGAVTVAWKADSSPVKAGVETTTPSKQSNNKYAASSYLSLTPEQWKSHRSYSCQVTHEGSTVEKTVAPTECS,Homo sapiens,human
6A4K,I,230,QVQLQESGPGLVKPSETLSLTCTVSGGSVNTGSYYWSWIRQPPGKGLEWIAYSSVSGTSNYNPSLKSRVTLTVDTSKNQFSLSVRSVTAADTAVYFCARLNYDILTGYYFFDFWGQGTLVIVSSASTKGPSVFPLAPSSKSASGGTAALGCLVKDYFPEPVTVSWNSGALTSGVHTFPAVLQSSGLYSLSSVVTVPSSSSGTQTYICNVNHKPSNTKVDKRVEPKSCDKT,Homo sapiens,human
6FYT,A,488,GDTICIGYHANNSTDTVDTVLEKNVTVTHSVNLLEDSHNGKLCRLGIAPLQLGNCSVAGWILGNPECELLISREWSYIVEKPNPENTCYPGHFADYEELREQLSSVSSFERFEIFPSWPNHTTTGVSASCSHNGESSFYKNLLWLTGKNGLYPNLSKSYANNKEKEVLVLWGVHHPPNIGDQRALYHKENAYVSVVSSHYSRKFTPEIAKRPKVRDQEGRINYYWTLLEPGDTIIFEANGNLIAPRYAFALSRGFSGIINSNAPMDECDAKCQTPQGAINSSLPFQNVHPVTIGECPKYVRSAKLRMVTGLRNIPGLFGAIAGFIEGGWTGMVDGWYGYHHQNEQGSGYAADQKSTQNAINGITNKVNSVIEKMNTQFTAVGKEFNKLERRMENLNKKVDDGFIDIWTYNAELLVLLENERTLDFHDSNVKNLYEKVKSQLKNNAKEIGNGCFEFYHKCNDECMESVKNGTYDYPKYSEESKLNREKI,Lama Glama,alpaca
6FYT,I,113,EVQLVESGGGLVQPGGSLRLSCAVSISIFDIYAMDWYRQAPGKQRDLVATSFRDGSTNYADSVKGRFTISRDNAKNTLYLQMKPEDTAVYLCHVSLYRDPVYWGKGALVTVSS,Lama Glama,alpaca
6ML8,A,478,TICIGYHANNSTDTVDTVLEKNVTVTHSVNLLEDSHNGKLCRLKGKAPLQLGNCNIAGWVLGNPECESLLSNRSWSYIAETPNSENGTCYPGDFADYEELREQLSSVSSFERFEIFPKERSWPNHTTRGVTAACPHARKSSFYKNLVWLTEANGSYPNLSRSYVNNQEKEVLVLWGVHHPSNIEEQRALYRKDNAYVSVVSSNYNRRFTPEIAKRPKVRDQSGRMNYYWTLLEPGDTIIFEATGNLIAPWYAFALSRGPGSGIITSNAPLDECDTKCQTPQGAINSSLPFQNIHPVTIGECPKYVRSTKLRMVTGLRNIPSFGAIAGFIEGGWTGMMDGWYGYHHQNEQGSGYAADQKSTQNAINGITNKVNSVIEKMNTQFTAVGKEFNKLEKRMENLNKKVDDGFMDIWTYNAELLVLLENERTLDFHDSNVKNLYEKVKNQLRNNAKELGNGCFEFYHKCDNECMESVKNGTYDY,Homo sapiens,human
6ML8,L,212,DIQLTQSPSSLSASVGDRVTLTCQASQDIRKFLNWYQQKPGKGPKLLIYDASNLQRGVPSRFSGGGSGTDFTLIISSLQPEDVGTYYCQQYDGLPFTFGGGTKVVIKRTVAAPSVFIFPPSDEQLKSGTASVVCLLNNFYPREAKVQWKVDNALQSGNSQESVTEQDSKDSTYSLSSTLTLSKADYEKHKVYACEVTHQGLSSPVTKSFNRG,Homo sapiens,human
6ML8,H,202,EVQLQESGGGLVQPGESLRLSCVGSGSTLSYYAVSWVRQAPGKGLEWLSIINGGGDIDYADSVEGRFTISRDNSKETLYLQMRVEDTGVYYCAKHMSMQQDVWGQGTMVTVSSASTKGPSVFPLAPTAALGCLVKDYFPEPVTVSWNSGALTSGVHTFPAVLQSSGLYSLSSVVTVPSSSLTYICNVNHKPSNTKVDKRVEP,Homo sapiens,human
6OC3,E,212,APLQLGNCSVAGWILGNPECELLISRESWSYIVEKPNPENGTCYPGHFADYEELREQLSSVSSFERFEIFPKESSWPNHTTTGVSASCSHNGESSFYKNLLWLTGKNGLYPNLSKSYANNKEKEVLVLWGVHHPPNIGDQRALYHKENAYVSVVSSHYSRKFTPEIAKRPKVRDQEGRINYYWTLLEPGDTIIFEANGNLIAPRYAFALSRG,Homo sapiens,human
6OC3,D,213,DIVMTQSPSSLSASIGDRVTITCRPSQNIRSFLNWFQHKPGKAPKLLIYAASNLQSGVPSRFSGSGSGTEFTLTIRSLQPEDFATYYCQQSYNTPPTFGQGTKVEIKRTVAAPSVFIFPPSDEQLKSGTASVVCLLNNFYPREAKVQWKVDNALQSGNSQESVTEQDSKDSTYSLSSTLTLSKADYEKHKVYACEVTHQGLSSPVTKSFNRGE,Homo sapiens,human
6OC3,C,208,QVQLEESGPGLVKPSETLSLTCSVSGVSVTSDIYYWIRQPPGKGLEWIGYIFYNGDTNYNPSLKSRVTMSIDTSKNEFSLRLTAADTAVYFCARGTEDLGNHWGQGTLVTVSSASTKGPSVFPLAPGGTAALGCLVKDYFPEPVTVSWNSGALTSGVHTFPAVLQSSGLYSLSSVVTVPSSSLGTQTYICNVNHKPSNTKVDKRVEPK,Homo sapiens,human
6Q0E,A,208,APLQLGNCSVAGWILGNPECESLISKESWSYIVETPGTCYPGYFADYEELREQLSSVSSFERFEIFPKESSWPNHTVTGVTASCSHNGKSSFYRNLLWLTEKNGLYPNLSNSYVNNKEKEVLVLWGVHHPSNIRDQRAIYHTENAYVSVVSSHYSRRFTPEIAKRPKVRGQEGRINYYWTLLEPGDTIIFEANGNLIAPWYAFALSRG,Homo sapiens,human
6Q0E,L,212,SELTQDPAVSVALGQTVRITCQGDSLRSYYASWYQQKPGQAPVLVIYGKNNRPSGIPDRFSGSSSGNTASLTITGAQAEDEADYYCNSRDSSGNHPVVFGGGTKLTVLGQPKGAPSVTLFPPSSEELQANKATLVCLISDFYPGAVTVAWKADSSPVKAGVETTTPSKQSNNKYAASSYLSLTPEQWKSHRSYSCQVTHEGSTVEKTVAPTE,Homo sapiens,human
6Q0E,H,231,QVQLQESGPGLVKPSGTLSLTCAVSGGSISSSNWWSWVRQPPGKGLEWIGEIYHSGSTNYNPSLKSRVTISVDKSKNQFSLKLSSVTAADTAVYYCARAPPYCSSTSCPDDYYYYYMDVWGKGTTVTVSGASTKGPSVFPLAPSSKSTSGGTAALGCLVKDYFPEPVTVSWNSGALTSGVHTFPAVLQSSGLYSLSSVVTVPSSSLGTQTYICNVNHKPSNTKVDKRVEPK,Homo sapiens,human
6Q0H,A,209,PLQLGNCSVAGWILGNPECESLISKESWSYIVETPENGTCYPGYFADYEELREQLSSVSSFERFEIFPKESSWPNHTVTGVTASCSHNGKSSFYRNLLWLTEKNGLYPNLSNSYVNNKEKEVLVLWGVHHPSNIRDQRAIYHTENAYVSVVSSHYSRRFTPEIAKRPKVRGQEGRINYYWTLLEPGDTIIFEANGNLIAPWYAFALSRG,Homo sapiens,human
6Q0H,L,212,SELTQDPAVSVALGQTVRITCQGDSLRGYYASWYQQKPGQAPVLVIYGKNNRPSGIPDRFSGSSSGNTASLTITGAQAEDEADYYCNSRDSSGNHPVVFGGGTKLTVLGQPKGAPSVTLFPPSSEELQANKATLVCLISDFYPGAVTVAWKADSSPVKAGVETTTPSKQSNNKYAASSYLSLTPEQWKSHRSYSCQVTHEGSTVEKTVAPTE,Homo sapiens,human
6Q0H,H,232,QVQLQESGPGLVKPSGTLSLTCAVSGGSISSSNWWSWVRQPPGKGLEWIGEIYHGGSTNYNPSLKSRVTISVDKSKNQFSLKLSSVTAADTAVYYCARAPPYCTSASCPDDYYYYYMDVWGKGTTVTVSGASTKGPSVFPLAPSSKSTSGGTAALGCLVKDYFPEPVTVSWNSGALTSGVHTFPAVLQSSGLYSLSSVVTVPSSSLGTQTYICNVNHKPSNTKVDKRVEPKS,Homo sapiens,human
6Q0I,A,207,SAPLQLGNCSVAGWILGNPECESLISKESWSYIVEGTCYPGYFADYEELREQLSSVSSFERFEIFPKESSWPNHTVTGVTASCSHNGKSSFYRNLLWLTEKNGLYPNLSNSYVNNKEKEVLVLWGVHHPSNIRDQRAIYHTENAYVSVVSSHYSRRFTPEIAKRPKVRGQEGRINYYWTLLEPGDTIIFEANGNLIAPWYAFALSRG,Homo sapiens,human
6Q0I,L,212,SELTQDPAVSVALGQTVRITCQGDSLRGYYASWYQQKPGQAPVLVIYGKNNRPSGIPDRFSGSSSGNTASLTITGAQAEDEADYYCNSRDSSGNHPVVFGGGTKLTVLGQPKGAPSVTLFPPSSEELQANKATLVCLISDFYPGAVTVAWKADSSPVKAGVETTTPSKQSNNKYAASSYLSLTPEQWKSHRSYSCQVTHEGSTVEKTVAPTE,Homo sapiens,human
6Q0I,H,231,QVQLQESGPGLVKPSGTLSLTCAVSGGSISSSNWWSWVRQPPGKGLEWIGEIYHGGSTNYNPSLKSRVTISVDKSKNQFSLKLSSVTAADTAVYYCARAPPYCTSASCPDDYYYYYMDVWGKGTTVTVSGASTKGPSVFPLAPSSKSTSGGTAALGCLVKDYFPEPVTVSWNSGALTSGVHTFPAVLQSSGLYSLSSVVTVPSSSLGTQTYICNVNHKPSNTKVDKRVEPK,Homo sapiens,human
6Q0I,A,207,SAPLQLGNCSVAGWILGNPECESLISKESWSYIVEGTCYPGYFADYEELREQLSSVSSFERFEIFPKESSWPNHTVTGVTASCSHNGKSSFYRNLLWLTEKNGLYPNLSNSYVNNKEKEVLVLWGVHHPSNIRDQRAIYHTENAYVSVVSSHYSRRFTPEIAKRPKVRGQEGRINYYWTLLEPGDTIIFEANGNLIAPWYAFALSRG,Homo sapiens,human
6Q0I,L,212,SELTQDPAVSVALGQTVRITCQGDSLRGYYASWYQQKPGQAPVLVIYGKNNRPSGIPDRFSGSSSGNTASLTITGAQAEDEADYYCNSRDSSGNHPVVFGGGTKLTVLGQPKGAPSVTLFPPSSEELQANKATLVCLISDFYPGAVTVAWKADSSPVKAGVETTTPSKQSNNKYAASSYLSLTPEQWKSHRSYSCQVTHEGSTVEKTVAPTE,Homo sapiens,human
6Q0I,H,231,QVQLQESGPGLVKPSGTLSLTCAVSGGSISSSNWWSWVRQPPGKGLEWIGEIYHGGSTNYNPSLKSRVTISVDKSKNQFSLKLSSVTAADTAVYYCARAPPYCTSASCPDDYYYYYMDVWGKGTTVTVSGASTKGPSVFPLAPSSKSTSGGTAALGCLVKDYFPEPVTVSWNSGALTSGVHTFPAVLQSSGLYSLSSVVTVPSSSLGTQTYICNVNHKPSNTKVDKRVEPK,Homo sapiens,human
6Q0I,A,207,SAPLQLGNCSVAGWILGNPECESLISKESWSYIVEGTCYPGYFADYEELREQLSSVSSFERFEIFPKESSWPNHTVTGVTASCSHNGKSSFYRNLLWLTEKNDLYPNLSNSYVNNKEKEVLVLWGVHHPSNIRDQRAIYHTENAYVSVVSSHYSRRFTPEIAKRPKVRGQEGRINYYWTLLEPGDTIIFEANGNLIAPWYAFALSRG,Homo sapiens,human
6Q0I,L,212,SELTQDPAVSVALGQTVRITCQGDSLRGYYASWYQQKPGQAPVLVIYGKNNRPSGIPDRFSGSSSGNTASLTITGAQAEDEADYYCNSRDSSGNHPVVFGGGTKLTVLGQPKGAPSVTLFPPSSEELQANKATLVCLISDFYPGAVTVAWKADSSPVKAGVETTTPSKQSNNKYAASSYLSLTPEQWKSHRSYSCQVTHEGSTVEKTVAPTE,Homo sapiens,human
6Q0I,H,231,QVQLQESGPGLVKPSGTLSLTCAVSGGSISSSNWWSWVRQPPGKGLEWIGEIYHGGSTNYNPSLKSRVTISVDKSKNQFSLKLSSVTAADTAVYYCARAPPYCTSASCPDDYYYYYMDVWGKGTTVTVSGASTKGPSVFPLAPSSKSTSGGTAALGCLVKDYFPEPVTVSWNSGALTSGVHTFPAVLQSSGLYSLSSVVTVPSSSLGTQTYICNVNHKPSNTKVDKRVEPK,Homo sapiens,human
6Q0I,A,207,SAPLQLGNCSVAGWILGNPECESLISKESWSYIVEGTCYPGYFADYEELREQLSSVSSFERFEIFPKESSWPNHTVTGVTASCSHNGKSSFYRNLLWLTEKNKLYPNLSNSYVNNKEKEVLVLWGVHHPSNIRDQRAIYHTENAYVSVVSSHYSRRFTPEIAKRPKVRGQEGRINYYWTLLEPGDTIIFEANGNLIAPWYAFALSRG,Homo sapiens,human
6Q0I,L,212,SELTQDPAVSVALGQTVRITCQGDSLRGYYASWYQQKPGQAPVLVIYGKNNRPSGIPDRFSGSSSGNTASLTITGAQAEDEADYYCNSRDSSGNHPVVFGGGTKLTVLGQPKGAPSVTLFPPSSEELQANKATLVCLISDFYPGAVTVAWKADSSPVKAGVETTTPSKQSNNKYAASSYLSLTPEQWKSHRSYSCQVTHEGSTVEKTVAPTE,Homo sapiens,human
6Q0I,H,231,QVQLQESGPGLVKPSGTLSLTCAVSGGSISSSNWWSWVRQPPGKGLEWIGEIYHGGSTNYNPSLKSRVTISVDKSKNQFSLKLSSVTAADTAVYYCARAPPYCTSASCPDDYYYYYMDVWGKGTTVTVSGASTKGPSVFPLAPSSKSTSGGTAALGCLVKDYFPEPVTVSWNSGALTSGVHTFPAVLQSSGLYSLSSVVTVPSSSLGTQTYICNVNHKPSNTKVDKRVEPK,Homo sapiens,human
6Q0L,A,212,APLQLGNCSVAGWILGNPECESLISKESWSYIVETPNPENGTCYPGYFADYEELREQLSSVSSFERFEIFPKESSWPNHTVTGVTASCSHNGKSSFYRNLLWLTEKNGLYPNLSNSYVNNKEKEVLVLWGVHHPSNIRDQRAIYHTENAYVSVVSSHYSRRFTPEIAKRPKVRGQEGRINYYWTLLEPGDTIIFEANGNLIAPWYAFALSRG,Homo sapiens,human
6Q0L,L,213,SELTQDPAVSVALGQTVRITCQGDSLRGYYASWYQQKPGQAPVLVIYGKNNRPSGIPDRFSGSSSGNTASLTITGAQAEDEADYYCNSRDSSGNHPVVFGGGTKLTVLGQPKGAPSVTLFPPSSEELQANKATLVCLISDFYPGAVTVAWKADSSPVKAGVETTTPSKQSNNKYAASSYLSLTPEQWKSHRSYSCQVTHEGSTVEKTVAPTEC,Homo sapiens,human
6Q0L,H,233,QVQLQESGPGLVKPSGTLSLTCAVSGGSISSSNWWSWVRQPPGKGLEWIGEIYHGGSTNYNPSLKSRVTISVDKSKNQFSLKLSSVTAADTAVYYCARAPPYCTSASCPDDYYYYYMDVWGKGTTVTVSGASTKGPSVFPLAPSSKSTSGGTAALGCLVKDYFPEPVTVSWNSGALTSGVHTFPAVLQSSGLYSLSSVVTVPSSSLGTQTYICNVNHKPSNTKVDKRVEPKSC,Homo sapiens,human
6Q0O,A,215,ASAPLQLGNCSVAGWILGNPECELLISRESWSYIVEKPNPENGTCYPGHFADYEELREQLSSVSSFERFEIFPKESSWPNHTTTGVSASCSHNGESSFYKNLLWLTGKNGLYPNLSKSYANNKEKEVLVLWGVHHPPNIGDQRALYHTENAYVSVVSSHYSRKFTPEIAKRPKVRDQEGRINYYWTLLEPGDTIIFEANGNLIAPRYAFALSRGF,Homo sapiens,human
6Q0O,B,211,SELTQDPAVSVALGQTVRITCQGDSLRGYYASWHQQKPGQAPVLVIYGKNNRPSGIPDRFSGSRSGNTASLTITGAQAEDEADYYCASRDSSGNHPVVFGGGTKLTVLGQPKGAPSVTLFPPSSEELQANKATLVCLISDFYPGAVTVAWKADSSPVKAGVETTTPSKQSNNKYAASSYLSLTPEQWKSHRSYSCQVTHEGSTVEKTVAPT,Homo sapiens,human
6Q0O,Z,232,QVQLQESGPGLVKPSGTLSLTCAVSGGSISSSQWWSWVRQPPGKGLEWIGEISHGVYTNYNPSLKSRVTISADKSQNQFSLNLSSVTAADTAVYYCARAPPYCSSASCPDDYYYFFLDVWGKGTTVTVSGASTKGPSVFPLAPSSKSTSGGTAALGCLVKDYFPEPVTVSWNSGALTSGVHTFPAVLQSSGLYSLSSVVTVPSSSLGTQTYICNVNHKPSNTKVDKRVEPKS,Homo sapiens,human
6Q18,A,212,APLQLGNCSVAGWILGNPECESLISKESWSYIVETPNPENGTCYPGYFADYEELREQLSSVSSFERFEIFPKESSWPNHTVTGVTASCSHNGKSSFYRNLLWLTEKNGLYPNLSNSYVNNKEKEVLVLWGVHHPSNIRDQRAIYHTENAYVSVVSSHYSRRFTPEIAKRPKVRGQEGRINYYWTLLEPGDTIIFEANGNLIAPWYAFALSRG,Homo sapiens,human
6Q18,L,210,ELTQDPAVSVALGQTVRITCQGDSLRGYSASWYQLKPGQAPVLVIYGKNNRPSGIPDRFSGSTSGNRASLIITGTQAEDEADYYCNSRDTNGYRPVLFGGGTKLTVLGQPKGAPSVTLFPPSSEELQANKATLVCLISDFYPGAVTVAWKADSSPVKAGVETTTPSKQSNNKYAASSYLSLTPEQWKSHRSYSCQVTHEGSTVEKTVAPT,Homo sapiens,human
6Q18,H,231,QVQLQESGPGLVKPSGTLSLTCAISGGSISSSNWWTWVRQPPGKGLQWIGEIQHGGGTNYNPSLKSRATIFVDVSKNHFSLRLSSVTAADTAVYYCAKVPPYCTSASCPDDYYYHYMDVWGKGTTVTVSGASTKGPSVFPLAPSSKSTSGGTAALGCLVKDYFPEPVTVSWNSGALTSGVHTFPAVLQSSGLYSLSSVVTVPSSSLGTQTYICNVNHKPSNTKVDKRVEPK,Homo sapiens,human
6URM,C,210,LHLGKCNIAGWILGNPECESLSTASWSYIVETSSDNGTCYPGDFIDYEELREQLSSVSRFEIFPKTSSWPNHDSNGVTAACPHAGAKSFYKNLIWLVKKGNSYPKLSKSYINDKGKEVLVLWGIHHPSTSADQQSLYQNADTYVFVGSSRYSKKFKPEIAIRPKVRDQEGRMNYYWTLVEPGDKITFEATGNLVVPRYAFAMERNAGSII,Homo sapiens,human
6URM,E,208,SYELTQPLSVSVALGQTARITCGGNNIGIKNVHWYQQRPGQAPVLVIYTDINRPSGIPERFSGSNSGNTATLIISKAQAGDEADYFCQVWDSNTVVFGGGTKLTVSQPKAAPSVTLFPPSSEELQANKATLVCLISDFYPGAVTVAWKADSSPVKAGVETTTPSKQSNNKYAASSYLSLTPEQWKSHKSYSCQVTHEGSTVEKTVAPT,Homo sapiens,human
6URM,D,215,QVTLRESGPALVKPTQTLTLTCTFSGFSLSTSGMCWIRRPPGKALEWLALIDWDDNKYYNTSLRTRLTISKDTSKNQVVLKVDPVDTGTYYCARMLYGDLDPWGQGTLVTVSSASTKGPSVFPLAPSSKSTSGGTAALGCLVKDYFPEPVTVSWNSGALTSGVHTFPAVLQSSGLYSLSSVVTVPSSSLGTQTYICNVNHKPSNTKVDKKVEPKS,Homo sapiens,human
6WHK,A,211,PLQLGNCSVAGWILGNPECESLISKESWSYIVETPNPENGTCYPGYFADYEELREQLSSVSSFERFEIFPKESSWPNHTVTGVTASCSHNGKSSFYRNLLWLTEKNGLYPNLSNSYVNNKEKEVLVLWGVHHPSNIRDQRAIYHTENAYVSVVSSHYSRRFTPEIAKRPKVRGQEGRINYYWTLLEPGDTIIFEANGNLIAPWYAFALSRG,Homo sapiens,human
6WHK,B,211,VLTQPPSVSAAPGQKVTISCSGSSSNIGNNYVSWFQQLPGTAPKLLIYDDDKRPSGIPDRFSGSKSGTSATLGITGLQTGDEADYYCGTWDSRLSAGVVFGGGTKLTVLGQPKGAPSVTLFPPSSEELQANKATLVCLISDFYPGAVTVAWKADSSPVKAGVETTTPSKQSNNKYAASSYLSLTPEQWKSHRSYSCQVTHEGSTVEKTVAP,Homo sapiens,human
6WHK,C,222,EVQLVESGGGLVQPGRSLRLSCTASGFTFGDYGMSWFRQAPGKGLEWVGFIRSKVYGGTTEYAASVKGRFIISRDDSKSIAYLQMNSLKTEDTAVYYCTRDWVRDIILLPALHLDYWGQGTLVTVSGASTKGPSVFPLAPSGGTAALGCLVKDYFPEPVTVSWNSGALTSGVHTFPAVLQSSGLYSLSSVVTVPSSSLGTQTYICNVNHKPSNTKVDKRVEP,Homo sapiens,human
6XGC,C,487,DTLCIGYHANNSTDTVDTVLEKNVTVTHSVNLLEDKHNGKLCKLRGVAPLHLGKCNIAGWILGNPECESLSTASSWSYIVETSNSDNGTCYPGDFINYEELREQLSSVSSFERFEIFPKTSSWPNHDSNKGVTAACPHAGAKSFYKNLIWLVKKGNSYPKLNQSYINDKGKEVLVLWGIHHPSTTADQQSLYQNADAYVFVGTSRYSKKFKPEIATRPKVRDQEGRMNYYWTLVEPGDKITFEATGNLVVPRYAFTMERNAGSGIIISDTPVHDCNTTCQTPEGAINTSLPFQNIHPITIGKCPKYVKSTKLRLATGLRNVPSIEGGWTGMVDGWYGYHHQNEQGSGYAADLKSTQNAIDKITNKVNSVIEKMNTQFTAVGKEFNHLEKRIENLNKKVDDGFLDIWTYNAELLVLLENERTLDYHDSNVKNLYEKVRNQLKNNAKEIGNGCFEFYHKCDNTCMESVKNGTYDYPKYSEEAKLNREKI,Macaca Fascicularis,rhesus
6XGC,L,107,SVLTQPPSASGAPGQSVTISCSGSSSNFGSNHVYWYQQLSGKAPKLLIYNNNRRPSGVPDRFSGSKSGTSASLAISGLQSEDEADYYCSVWDSSLNNVLFGGGTRLT,Macaca Fascicularis,rhesus
6XGC,H,125,EVQLVESGGGLAKPGGSLRLSCAASGFTFSTYAMHWVRQAPGKGLEWISGINSGGGSTWYTASVKGRFTISRDNSKSTLSLQMNSLRTEDTAVYYCAKDGGNAIFGLVITNYGLDSWGQGAVVTV,Macaca Fascicularis,rhesus
6XQ0,A,214,SAPLHLGKCNIAGWILGNPECESLSTASWSYIVETPSSDNGTCYPGDFIDYEELREQLSSVSRFEIFPKTSSWPNHDSDGVTAACPHAGAKSFYKNLIWLVKKGNSYPKLSKSYINDKGKEVLVLWGIHHPSTSADQQSLYQNADAYVFVGSSRYSKTFKPEIAIRPKVRDREGRMNYYWTLVEPGDKITFEATGNLVVPRYAFAMERNAGSGL,Homo sapiens,human
6XQ0,C,212,EIVLTQSPGTLSLSPGERATLSCRASQIDNKYLAWYQQKPGQAPRLLIYGASNRATGIPDRFSGSGSGTEFTLIISRLEPEDLAVYYCQQFGSSVYTFGQGTRLEIKRTVAAPSVFIFPPSDEQLKSGTASVVCLLNNFYPREAKVQWKVDNALQSGNSQESVTEQDSKDSTYSLSSTLTLSKADYEKHKVYACEVTHQGLSSPVTKSFNRG,Homo sapiens,human
6XQ0,B,230,EVQLVESGGGLVRPGGSLTLTCAGSGFMFRSYDMHWVRQAAGKGLEWVAGMGKGGETFYAGSVKGRFTISRENARNSLYLQMHSLRAGDTAVYYCARALTEWLFQRGTRNHYYYGMDVWGQGTTITVSGASTKGPSVFPLAPSSKSTSGGTAALGCLVKDYFPEPVTVSWNSGALTSGVHTFPAVLQSSGLYSLSSVVTVPSSSLGTQTYICNVNHKPSNTKVDKRVEPK,Homo sapiens,human
6XQ0,A,214,SAPLHLGKCNIAGWILGNPECESLSTASWSYIVETPSSDNGTCYPGDFIDYEELREQLSSVSRFEIFPKTSSWPNHDSDGVTAACPHAGAKSFYKNLIWLVKKGNSYPKLSKSYINDKGKEVLVLWGIHHPSTSADQQSLYQNADAYVFVGSSRYSKTFKPEIAIRPKVRDREGRMNYYWTLVEPGDKITFEATGNLVVPRYAFAMERNAGSGL,Homo sapiens,human
6XQ0,C,212,EIVLTQSPGTLSLSPGERATLSCRASQIDNKYLAWYQQKPGQAPRLLIYGASNRATGIPDRFSGSGSGTEFTLIISRLEPEDLAVYYCQQFGSSVYTFGQGTRLEIKRTVAAPSVFIFPPSDEQLKSGTASVVCLLNNFYPREAKVQWKVDNALQSGNSQESVTEQDSKDSTYSLSSTLTLSKADYEKHKVYACEVTHQGLSSPVTKSFNRG,Homo sapiens,human
6XQ0,B,230,EVQLVESGGGLVRPGGSLTLTCAGSGFMFRSYDMHWVRQAAGKGLEWVAGMGKGGETFYAGSVKGRFTISRENARNSLYLQMHSLRAGDTAVYYCARALTEWLFQRGTRNHYYYGMDVWGQGTTITVSGASTKGPSVFPLAPSSKSTSGGTAALGCLVKDYFPEPVTVSWNSGALTSGVHTFPAVLQSSGLYSLSSVVTVPSSSLGTQTYICNVNHKPSNTKVDKRVEPK,Homo sapiens,human
6XQ4,D,212,APLQLGNCSVAGWILGNPECESLISKESWSYIVETPNPENGTCYPGYFADYEELREQLSSVSSFERFEIFPKESSWPNHTVTGVTASCSHNGKSSFYRNLLWLTEKNGLYPNLSNSYVNNKEKEVLVLWGVHHPSNIRDQRAIYHTENAYVSVVSSHYSRRFTPEIAKRPKVRGQEGRINYYWTLLEPGDTIIFEANGNLIAPWYAFALSRG,Homo sapiens,human
6XQ4,F,218,DIVMTQSPDSLAVSLGERATINCKSSQSLLYSSRNKNYLAWYQQKPGQPPKLLIYWASTRESGVPDRLSGSGSGTDFTLTISSLQAEDVAVYYCQQYYSIPLTFGGGTKVEIKRTVAAPSVFIFPPSDEQLKSGTASVVCLLNNFYPREAKVQWKVDNALQSGNSQESVTEQDSKDSTYSLSSTLTLSKADYEKHKVYACEVTHQGLSSPVTKSFNRG,Homo sapiens,human
6XQ4,E,220,EVQLVESGGGLVQPGGSLRLSCAASGFTVSRNYMSWVRQAPGKGLEWVSIIYSGDDTYYADSVKGRFTISRDNSKNTLYLEMRAEDTAVYYCARGEMGDGYYWAPFDYWGQGTLVTVSGASTKGPSVFPLAPSSKSTSGGTAALGCLVKDYFPEPVTVSWNSGALTSGVHTFPAVLQSSGLYSLSSVVTVPSSSLGTQTYICNVNHKPSNTKVDKRVEPK,Homo sapiens,human
6XSK,A,482,DTICIGYHANNSTDTVDTVCEKNVTVTHSVNLLEDSHNGKLCLLGIAPLQLGNCSVAGWILGNPECELLISREWSYIVEKPNPENTCYPGHFADYEELREQLSSVSSFERFEIFPSWPNHTTTGVSASCSHNGESSFYKNLLWLTGKNGLYPNLSKSYANNKEKEVLVLWGVHHPPNIGDQRALYHKENAYVSVVSSHYSRKFTPEIAKRPKVRDQEGRINYYWTLLEPGDTIIFEANGNLIAPRYAFALSRGFSGIINSNAPMDECDAKCQTPQGAINSSLPFQNVHPVTIGECPKYVRSAKLRMVTGLRNIPSAGFIEGGWTGMVDGWYGYHHQNEQGSGYAADQKSTQNAINCITNKVNSVIEKMNTQFTAVGKEFNKLERRMENLNKKVDDGFIDIWTYNAELLVLLENERTLDFHDSNVKNLYEKVKSQLKNNAKEIGNGCFEFYHKCNDECMESVKNGTYDYPKYSEESKLNREKI,Macaca Mulatta,rhesus
6XSK,K,107,DIQMTQSPSSLSASVGDTVTITCRASQSISSWLAWYQQKPGKAPNLLIYRASTLQSGVPSRFSGSGSGTDFTLTISSLQSEDFATYFCQQSTSSPFTFGPGTKLDIK,Macaca Mulatta,rhesus
6XSK,I,113,QVQLQESGPGLVKPSEILSLTCAVSGGSFSSYCWGWIRQPPGKGLEWIGSICSGGSNYLNPSLKSRVTLSVDTSKNQFSLILTAADTAVYYCAREGITIFDSWGQGAVVTVSS,Macaca Mulatta,rhesus
7FAH,B,214,VAPLHLGKCNIAGWILGNPECESLSTASSWSYIVETPSSDNGTCYPGDFIDYEELREQLSSVSSFERFEIFPKTSSWPNHDSNKGVTAACPHAGAKSFYKNLIWLVKKGNSYPKLSKSYINDKGKEVLVLWGIHHPSTSADQQSLYQNADTYVFVGSSRYSKKFKPEIAIRPKVRDQEGRMNYYWTLVEPGDKITFEATGNLVVPRYAFAMERN,Mus musculus,mouse
7FAH,D,215,DIVLTQSPASLAVSLGQRATISCKASQSVDFDGYNYLNWYQQKPGQPPKLLIYAASNLESGIPARFSGSGSGTDFTLNIHPVEEEDAATYFCQQSNEDPYTFGGGTKLEIKRADAAPTVSIFPPSSEQLTSGGASVVCFLNNFYPKDINVKWKIDGSERQNGVLNSWTDQDSKDSTYSMSSTLTLTKDEYERHNSYTCEATHKTSTSPIVKSFNR,Mus musculus,mouse
7FAH,C,217,QIQLVQSGPELKKPGETVRISCKASGYTFTKNGMNWVQQAPGKGLKWVGWINTYTGEPSYADDFKGRFAFSLETSASTAYLQINNLKNEDMAAYFCARMVRDAMDFWGQGTSVTVSSAKTTPPSVYPLAPGSAAQTNSMVTLGCLVKGYFPEPVTVTWNSGSLSSGVHTFPAVLQSDLYTLSSSVTVPSSPRPSETVTCNVAHPASSTKVDKKIVPR,Mus musculus,mouse
7JIX,A,496,EDTICIGYHANNSTDTVDTVLEKNVTVTHSVNLLEDSHNGKLCLLKGIAPLQLGNCSVAGWILGNPECELLISRESWSYIVEKPNPENGTCYPGHFADYEELREQLSSVSSFERFEIFPKESSWPNHTTTGVSASCSHNGESSFYKNLLWLTGKNGLYPNLSKSYANNKEKEVLVLWGVHHPPNIGDQRALYHTENAYVSVVSSHYSRKFTPEIAKRPKVRDREGRINYYWTLLEPGDTIIFEANGNLIAPRYAFALSRGFGSGIINSNAPMDECDAKCQTPQGAINSSLPFQNVHPVTIGECPKYVRSAKLRMVTGLRNIPSGLFGAIAGFIEGGWTGMVDGWYGYHHQNEQGSGYAADQKSTQNAINGITNKVNSVIEKMNTQFTAVGKEFNKLERRMENLNKKVDDGFIDIWTYNAELLVLLENERTLDFHDSNVKNLYEKVKSQLKNNAKEIGNGCFEFYHKCNDECMESVKNGTYDYPKYSEESKLNREKI,Mus musculus,mouse
7JIX,L,216,DIVLTQSPASLAVSLGQRATISCKASQSVDFDGDSYMNWYQQKPGQPPKLLIYTTSNLESGIPARFSGSGSGTDFTLNIHPVEEEDAATYYCQQSSEDPYTFGGGTKLEIKRADGAPTVSIFPPSSEQLTSGGASVVCFLNNFYPKDINVKWKIDGSERQNGVLNSWTDQDSKDSTYSMSSTLTLTKDEYERHNSYTCEATHKTSTSPIVKSFNRN,Mus musculus,mouse
7JIX,H,219,EVQLQESGPELVKPGASVKISCKASGYAFSRSWMNWVKQRPGKGLEWIGRIYPGDGDTNYNGKFKGKATLTADKSSSTAYMQLSSLTSEDSAVYFCARGSNSFAYWGQGTLVTVSGAKTTPPSVYPLAPGSAAQTNSMVTLGCLVKGYFPEPVTVTWNSGSLSSGVHTFPAVLQSDLYTLSSSVTVPSSTWPSETVTCNVAHPASSTKVDKKIVPRDCG,Mus musculus,mouse
7JIX,A,496,EDTICIGYHANNSTDTVDTVLEKNVTVTHSVNLLEDSHNGKLCLLKGIAPLQLGNCSVAGWILGNPECELLISRESWSYIVEKPNPENGTCYPGHFADYEELREQLSSVSSFERFEIFPKESSWPNHTTTGVSASCSHNGESSFYKNLLWLTGKNGLYPNLSKSYANNKEKEVLVLWGVHHPPNIGDQRALYHTENAYVSVVSSHYSRKFTPEIAKRPKVRDREGRINYYWTLLEPGDTIIFEANGNLIAPRYAFALSRGFGSGIINSNAPMDECDAKCQTPQGAINSSLPFQNVHPVTIGECPKYVRSAKLRMVTGLRNIPSGLFGAIAGFIEGGWTGMVDGWYGYHHQNEQGSGYAADQKSTQNAINGITNKVNSVIEKMNTQFTAVGKEFNKLERRMENLNKKVDDGFIDIWTYNAELLVLLENERTLDFHDSNVKNLYEKVKSQLKNNAKEIGNGCFEFYHKCNDECMESVKNGTYDYPKYSEESKLNREKI,Mus musculus,mouse
7JIX,L,216,DIVLTQSPASLAVSLGQRATISCKASQSVDFDGDSYMNWYQQKPGQPPKLLIYTTSNLESGIPARFSGSGSGTDFTLNIHPVEEEDAATYYCQQSSEDPYTFGGGTKLEIKRADGAPTVSIFPPSSEQLTSGGASVVCFLNNFYPKDINVKWKIDGSERQNGVLNSWTDQDSKDSTYSMSSTLTLTKDEYERHNSYTCEATHKTSTSPIVKSFNRN,Mus musculus,mouse
7JIX,H,219,EVQLQESGPELVKPGASVKISCKASGYAFSRSWMNWVKQRPGKGLEWIGRIYPGDGDTNYNGKFKGKATLTADKSSSTAYMQLSSLTSEDSAVYFCARGSNSFAYWGQGTLVTVSGAKTTPPSVYPLAPGSAAQTNSMVTLGCLVKGYFPEPVTVTWNSGSLSSGVHTFPAVLQSDLYTLSSSVTVPSSTWPSETVTCNVAHPASSTKVDKKIVPRDCG,Mus musculus,mouse
7MEM,C,313,TLCIGYHANNSTDTVDTVLEKNVTVTHSVNLLEDKHNGKLCKLRVAPLHLGKCNIAGWILGNPECESLSTASWSYIVETPSDNGTCYPGDFIDYEELREQLSSVSSFERFEIFPSWPNHDSNGVTAACPHAGAKSFYKNLIWLVKKGNSYPKLSKSYINDKGKEVLVLWGIHHPSTSADQQSLYQNADTYVFVGSSRYSKKFKPEIAIRPKVRDQEGRMNYYWTLVEPGDKITFEATGNLVVPRYAFAMERAGSGIIISDTPVHDCNTTCQTPKGAINTSLPFQNIHPITIGKCPKYVKSTKLRLATGLRNIP,Homo sapiens,human
7MEM,J,107,DIQMTQSPSSLSAFVGDRVTIACQASQDIRIHLNWYQQKPGKAPKLLIYDASNLEAGVPSRFSGSGSGTDFTFTISSLQPEDIATYYCQHYHNLPRTFGGGTKVEIK,Homo sapiens,human
7MEM,G,111,VQLLESGGGLVQPGGSLSLSCAASGFTFSSFAMSWVRQAPVKGLEWVSMISGGGNTYYADSVKGRFTISRDNSKSTLYLQMTAEDTAVYYCAKSDSSGFEFWGQGTLVTVS,Homo sapiens,human
7MEM,C,313,TLCIGYHANNSTDTVDTVLEKNVTVTHSVNLLEDKHNGKLCKLRVAPLHLGKCNIAGWILGNPECESLSTASWSYIVETPSDNGTCYPGDFIDYEELREQLSSVSSFERFEIFPSWPNHDSNGVTAACPHAGAKSFYKNLIWLVKKGNSYPKLSKSYINDKGKEVLVLWGIHHPSTSADQQSLYQNADTYVFVGSSRYSKKFKPEIAIRPKVRDQEGRMNYYWTLVEPGDKITFEATGNLVVPRYAFAMERAGSGIIISDTPVHDCNTTCQTPKGAINTSLPFQNIHPITIGKCPKYVKSTKLRLATGLRNIP,Homo sapiens,human
7MEM,J,107,DIQMTQSPSSLSAFVGDRVTIACQASQDIRIHLNWYQQKPGKAPKLLIYDASNLEAGVPSRFSGSGSGTDFTFTISSLQPEDIATYYCQHYHNLPRTFGGGTKVEIK,Homo sapiens,human
7MEM,G,111,VQLLESGGGLVQPGGSLSLSCAASGFTFSSFAMSWVRQAPVKGLEWVSMISGGGNTYYADSVKGRFTISRDNSKSTLYLQMTAEDTAVYYCAKSDSSGFEFWGQGTLVTVS,Homo sapiens,human
7SCN,A,489,TICIGYHANNSTDTVDTVLEKNVTVTHSVNLLEDSHNGKLCLLKGIAPLQLGNCSVAGWILGNPECELLISKESWSYIVETPNPENGTCYPGYFADYEELREQLSSVSSFERFEIFPKESSWPNHTVTGVSASCSHNGKSSFYRNLLWLTGKNGLYPNLSKSYVNNKEKEVLVLWGVHHPPNIGNQRALYHTENAYVSVVSSHYSRRFTPEIAKRPKVRDQEGRINYYWTLLEPGDTIIFEANGNLIAPWYAFALSRGFGSGIITSNAPMDECDAKCQTPQGAINSSLPFQNVHPVTIGECPKYVRSAKLRMVTGLRNIPSIAGFIEGGWTGMVDGWYGYHHQNEQGSGYAADQKSTQNAINGITNKVNSVIEKMNTQFTAVGKEFNKLERRMENLNKKVDDGFLDIWTYNAELLVLLENERTLDFHDSNVKNLYEKVKSQLKNNAKEIGNGCFEFYHKCNNECMESVKNGTYDYPKYSEESKLNREKI,Homo sapiens,human
7SCN,L,108,EIVLTQSPGTLSLSPGERATVSCRASQSVTSTFLAWYQQRPGQAPRLLIYGASSRATGIPDRFSGSGSEADFTLTINRLEPEDFAVYYCQQYATSPWTFGQGTKVEIK,Homo sapiens,human
7SCN,H,118,QVQLVQSGAEVKKPGSSVKVSCTASGGTFSTYQFSWVRQAPGQGLEWMGRIVPIQGMDYAQKFRGRVTITADKWTSTVYMEVTSLRSEDTAVYYCATSRSMYFYYQLDVWGRGTTVTV,Homo sapiens,human
7SCO,A,493,DTICIGYHANNSTDTVDTVLEKNVTVTHSVNLLEDSHNGKLCLLKGIAPLQLGNCSVAGWILGNPECELLISKESWSYIVETPNPENGTCYPGYFADYEELREQLSSVSSFERFEIFPKESSWPNHTVTGVSASCSHNGKSSFYRNLLWLTGKNGLYPNLSKSYVNNKEKEVLVLWGVHHPPNIGNQRALYHTENAYVSVVSSHYSRRFTPEIAKRPKVRDQEGRINYYWTLLEPGDTIIFEANGNLIAPWYAFALSRGFGSGIITSNAPMDECDAKCQTPQGAINSSLPFQNVHPVTIGECPKYVRSAKLRMVTGLRNIPSAGFIEGGWTGMVDGWYGYHHQNEQGSGYAADQKSTQNAINGITNKVNSVIEKMNTQFTAVGKEFNKLERRMENLNKKVDDGFLDIWTYNAELLVLLENERTLDFHDSNVKNLYEKVKSQLKNNAKEIGNGCFEFYHKCNNECMESVKNGTYDYPKYSEESKLNREKIDGVK,Homo sapiens,human
7SCO,L,107,IVLTQAPFSLSLSPGERATLSCRASQSVSSSSLAWYHQKPGQAPRLLIYGASSRATGIPDRFSGSGSGTDFTLTISRLEPEDFSLYYCQQYGSSPLTFGQGTRLEIK,Homo sapiens,human
7SCO,H,119,QVQLVQSGAEVKKPGSSVKVSCKASGGTFSRYTISWVRQAPGQGLEWMGRISPIAGLENYAQKFQGRVTITADISTSTAYMELSSLRSDDTAVYYCAGSSGYYQPPPYWGQGTLVTVSS,Homo sapiens,human
7UMM,B,341,TVTHSVNLLEDSHNGKLCLLKGIAPLQLGNCSVAGWILGNPECELLISRESWSYIVEKPNPENGTCYPGHFADYEELREQLSSVSSFERFEIFPKESSWPNHTTTGVSASCSHNGESSFYKNLLWLTGKNGLYPNLSKSYANNKEKEVLVLWGVHHPPNIGDQRALYHTENAYVSVVSSHYSRKFTPEIAKRPKVRDQEGRINYYWTLLEPGDTIIFEANGNLIAPRYAFALSRGFGSGIINSNAPMDECDAKCQTPQGAINSSLPFQNVHPVTIGECPKYVRSAKLRMVTGLRFTAVGKEFNKLERRMENLNKKVDDGFIDIWTYNAELLVLLENERTLD,Mus musculus,mouse
7UMM,M,218,DIVMTQSPASLAVSLGQRATISCRASKSVSTSGYSYIHWYQQKPGQPPKLLIYLATNLESGVPARFSGSGSGTDFTLNIHPVEEEDAATYYCQHSRDTPYTFGGGTKLEIKRTVAAPSVFIFPPSDEQLKSGTASVVCLLNNFYPREAKVQWKVDNALQSGNSQESVTEQDSKDSTYSLSSTLTLSKADYEKHKVYACEVTHQGLSSPVTKSFNRGEC,Mus musculus,mouse
7UMM,I,215,QVQLVQSGAEVKKPGASVKVSCKASGYTFTGYYIHWVRQAPGQGLEWMGWINPNTGGTVYAQTFQARVTMTRDTSISTAYMELIRLRSDDTAVYYCARERGTGAPDAFNIWGQGTLVTVSGASTKGPSVFPLAPSGTAALGCLVKDYFPEPVTVSWNSGALTSGVHTFPAVLQSSGLYSLSSVVTVPSSSLGTQTYICNVNHKPSNTKVDKKVEP,Mus musculus,mouse
7UMM,B,341,TVTHSVNLLEDSHNGKLCLLKGIAPLQLGNCSVAGWILGNPECELLISRESWSYIVEKPNPENGTCYPGHFADYEELREQLSSVSSFERFEIFPKESSWPNHTTTGVSASCSHNGESSFYKNLLWLTGKNGLYPNLSKSYANNKEKEVLVLWGVHHPPNIGDQRALYHTENAYVSVVSSHYSRKFTPEIAKRPKVRDQEGRINYYWTLLEPGDTIIFEANGNLIAPRYAFALSRGFGSGIINSNAPMDECDAKCQTPQGAINSSLPFQNVHPVTIGECPKYVRSAKLRMVTGLRFTAVGKEFNKLERRMENLNKKVDDGFIDIWTYNAELLVLLENERTLD,Mus musculus,mouse
7UMM,M,218,DIVMTQSPASLAVSLGQRATISCRASKSVSTSGYSYIHWYQQKPGQPPKLLIYLATNLESGVPARFSGSGSGTDFTLNIHPVEEEDAATYYCQHSRDTPYTFGGGTKLEIKRTVAAPSVFIFPPSDEQLKSGTASVVCLLNNFYPREAKVQWKVDNALQSGNSQESVTEQDSKDSTYSLSSTLTLSKADYEKHKVYACEVTHQGLSSPVTKSFNRGEC,Mus musculus,mouse
7UMM,I,215,QVQLVQSGAEVKKPGASVKVSCKASGYTFTGYYIHWVRQAPGQGLEWMGWINPNTGGTVYAQTFQARVTMTRDTSISTAYMELIRLRSDDTAVYYCARERGTGAPDAFNIWGQGTLVTVSGASTKGPSVFPLAPSGTAALGCLVKDYFPEPVTVSWNSGALTSGVHTFPAVLQSSGLYSLSSVVTVPSSSLGTQTYICNVNHKPSNTKVDKKVEP,Mus musculus,mouse
7X6O,F,486,SDTLCIGYHANNSTDTVDTVLEKNVTVTHSVNLLEDKHNGKLCKLRGVAPLHLGKCNIAGWILGNPECESLSTASSWSYIVETSSSDNGTCYPGDFIDYEELREQLSSVSSFERFEIFPKTSSWPNHDSNKGVTAACPHAGAKGFYKNLIWLVKKGNSYPKLSKSYINDKGKEVLVLWGIHHPSTTADQQSLYQNADTYVFVGTSRYSKKFKPEIAIRPKVRDQEGRMNYYWTLVEPGDKITFEATGNLVVPRYAFAMERNSGIIISDTPVHDCNTTCQTPKGAINTSLPFQNIHPITIGKCPKYVKSTKLRLATGLRNVPAIAGFIEGGWTGMVDGWYGYHHQNEQGSGYAADLKSTQNAIDKITNKVNSVIEKMNTQFTAVGKEFNHLEKRIENLNKKVDDGFLDIWTYNAELLVLLENERTLDYHDSNVKNLYEKVRNQLKNNAKEIGNGCFEFYHKCDNTCMESVKNGTYDYPKYSEEAKLN,Homo sapiens,human
7X6O,L,214,DIQMTQSPSSVSASVGDRVTITCRASQGISSYLAWYQLKPGRAPKLLIYGATRLQSGVPSRFSGSGSGTDFTLTISGLQPEDFATYHCQQADSFPLTFGQGTRLEIKRTVAAPSVFIFPPSDEQLKSGTASVVCLLNNFYPREAKVQWKVDNALQSGNSQESVTEQDSKDSTYSLSSTLTLSKADYEKHKVYACEVTHQGLSSPVTKSFNRGEC,Homo sapiens,human
7X6O,J,229,EVQLVESGGGLVQPGGSLRLSCAASGFTFSTYNMNWVRQAPGKGLEWLSYISTSSNTIYYADSVKGRFTISRDNAKNSLFLQMNSLRDEDTAVYYCARDRGCSSTNCYVVGYYFYGMDVWGQGTTVTVSSASTKGPSVFPLAPSSKSTSGGTAALGCLVKDYFPEPVTVSWNSGALTSGVHTFPAVLQSSGLYSLSSVVTVPSSSLGTQTYICNVNHKPSNTKVDKKVE,Homo sapiens,human
7YHK,A,377,NSTDTVDTVLEKNVTVTHSVNLLEDSHNGKLCLLKGIAPLQLGNCSVAGWILGNPECESLISKESWSYIVETPNPENGTCYPGYFADYEELREQLSSVSSFERFEIFPKESSWPKHTVTGVTASCSHNGKSSFYRNLLWLTEKNGLYPNLSNSYVNNKEKEVLVLWGVHHPSNIGDQRAIYHTENAYVSVVSSHYSRRFTPEIAKRPKVRGQEGRINYYWTLLEPGDTIIFEANGNLIAPWYAFALSRGFGSGIITSNAPMNECDAKCQTPQGAINSSLPFQNVHPVTIGECPKYVRSTKLRMVTGLRNIVNSVIEKMNTQFTAVGKEFNKLERRMENLNKKVDDGFLDIWTYNAELLVLLENERTLDFHDSNVKNL,Mus musculus,mouse
7YHK,H,111,DIVLTQSPASLAVSLGQRATISCKASQSVDFDGYNYLNWYQQKPGQPPKLLIYAASNLESGIPARFSGSGSGTDFTLNIHPVEEEDAATYFCQQSNEDPYTFGGGTKLEIK,Mus musculus,mouse
7YHK,F,116,QIQLVQSGPELKKPGETVRISCKASGYTFTKNGMNWVQQAPGKGLKWVGWINTYTGEPSYADDFKGRFAFSLETSASTAYLQINNLKNEDMAAYFCARMVRDAMDFWGQGTSVTVS,Mus musculus,mouse
8DIU,A,489,SDTICIGYHANNSTDTVDTVLEKNVTVTHSVNLLEDSHNGKLCRLKGTAPLQLGNCSVAGWILGNPECESLFSKESWSYIAETPKPENGTCYPGYFADYEELREQLSSVSSFERFEIFPKESSWPNHTVTKGVTAACSHNGKSSFYKNLLWLTEKNGLYPNLSKSYVNNKEKEVLVLWGVHHPSNIGDQRAIYHTENAYVSVVSSHYSRRFTPEIAKRPKVRGQEGRINYYWTLLEPGDTIIFEANGNLIAPWYAFALSRGFGSGIITSNASMGECDAKCQTPQGAINSSLPFQNVHPVTIGECPKYVRSTKLRMVTGLRNIPSGLFGAIAGFIEGGWTGMIDGWYGYHHQNEQGSGYAADQKSTQNAINGITNKVNSVIEKMNTQFTAVGKEFNKLERRMENLNKKVDDGFLDIWTYNAELLVLLENERTLDFHDSNVKNLYEKVKNQLKNNAKEIGNGCFEFYHKCNNECMESVKNGTYDYPKYSEE,Homo sapiens,human
8DIU,I,109,VLTQPPSVSAAPGQKVTISCSGSSSNIGNDYVSWYQQLPGTAPKLLIYDNNKRPSGIPDRFSGSKSGTSATLGITGLQTGDEANYYCATWDRRPTAYVVFGGGTKLTVL,Homo sapiens,human
8DIU,H,119,VQLVESGAEVKKPGSSVKVSCKASGGPFRSYAISWVRQAPGQGPEWMGGIIPIFGTTKYAPKFQGRVTITADDFAGTVYMELSSLRSEDTAMYYCAKHMGYQVRETMDVWGKGTTVTVS,Homo sapiens,human
8GV5,A,478,DTICVGYHANNSTDTVDTILEKNVTVTHSVNLLEDSHNGKLCSLNGKSPLQLGNCNVAGWILGNPECDLLLTADSWSYIIETSNSKNGACYPGEFTDYEELREQLSTVSSFERFEIFPKATSWPNHDTTKGTTVACSHSGAKSFYRNLLWIVQKENSYPKLSNSYTNNKGKRVLVIWGVHHPYRDQQALYRNNHTYVSVESSKYYQRFTPEIVARPKVREQAGRINYYWTLLDQGDTITFEATGNLIAPWHAFALKKGSSSGMMVSDAQVHNCTTKCQTPHGALKSNLPFQNVHPITIGECPKYVKSTQLRMATGLRNIPSGAIAGFIEGGWTGMIDGWYGYHHQNEHGSGYAADQKSTQIAIDGIRNKVNSVIEKMNIQFTSVGKEFNSLEKRMENLNKKVDDGFLDVWTYNAELLILLENERTLDYHDFNVKNLYEKVKSQLRNNAKEIGNGCFEFYHKCDNECMESVKNGTYNYP,Homo sapiens,human
8GV5,D,107,EIVLTQSPSSVSASVGDRVTITCRATQGISSWLAWYQQKPGKPPKLLIFGASSLQSGVPSRFSGSGSGTDFTLTISSLQPEDFATYFCQQAHSFPLTFGGGTKVEIK,Homo sapiens,human
8GV5,C,124,QVQLVESGGGVVQPGRSLRLSCAASGFPFSSYGMHWVRQAPGKGLEWVAGVSYDGSYKYYADSVKGRFTISRDSSKSTLYLQMNSLRPEDTAVYYCARPSAIFGIYIILNGLDVWGQGTTVTVS,Homo sapiens,human